Date,Open,High,Low,Close,Volume,Symbol,Company,Close_pct_change,Volume_pct_change,SMA_7,EMA_30,MACD_12_26_9,MACDh_12_26_9,MACDs_12_26_9,RSI_14,BBL_20_2.0,BBM_20_2.0,BBU_20_2.0,BBB_20_2.0,BBP_20_2.0,ATRr_14
2024-03-11,25.88999938964844,26.82999992370605,25.290000915527344,25.350000381469727,60829300.0,PLTR,Palantir Technologies Inc.,-0.0264977154300397,-0.2755769072744444,,,,,,,,,,,,
2024-03-12,25.56999969482422,25.63999938964844,24.350000381469727,24.700000762939453,75202600.0,PLTR,Palantir Technologies Inc.,-0.0256410102070613,0.2362890909479478,,,,,,,,,,,,
2024-03-13,24.700000762939453,25.440000534057617,24.600000381469727,25.0,59713000.0,PLTR,Palantir Technologies Inc.,0.0121457177244574,-0.205971602045674,,,,,,,,,,,,
2024-03-14,24.82999992370605,24.96999931335449,24.13999938964844,24.43000030517578,49214800.0,PLTR,Palantir Technologies Inc.,-0.0227999877929687,-0.1758109624369902,,,,,,,,,,,,
2024-03-15,23.850000381469727,24.100000381469727,23.420000076293945,23.489999771118164,61270500.0,PLTR,Palantir Technologies Inc.,-0.0384773034103673,0.244960865430724,,,,,,,,,,,,
2024-03-18,23.770000457763672,24.18000030517578,23.31999969482422,24.0,44083000.0,PLTR,Palantir Technologies Inc.,0.0217113764943028,-0.28051835712129,,,,,,,,,,,,
2024-03-19,23.5,23.82999992370605,22.920000076293945,23.799999237060547,43247200.0,PLTR,Palantir Technologies Inc.,-0.0083333651224771,-0.0189596896762924,24.395714351109095,,,,,,,,,,,
2024-03-20,23.770000457763672,24.64999961853028,23.670000076293945,24.56999969482422,40273800.0,PLTR,Palantir Technologies Inc.,0.0323529614473538,-0.0687535840470596,24.284285681588308,,,,,,,,,,,
2024-03-21,25.299999237060547,25.32999992370605,24.440000534057617,24.489999771118164,37099600.0,PLTR,Palantir Technologies Inc.,-0.0032560001912782,-0.0788155078487751,24.254285539899552,,,,,,,,,,,
2024-03-22,24.200000762939453,24.475000381469727,24.020000457763672,24.18000030517578,25354300.0,PLTR,Palantir Technologies Inc.,-0.0126582061592329,-0.3165883190115257,24.137142726353236,,,,,,,,,,,
2024-03-25,24.1200008392334,24.6200008392334,24.049999237060547,24.51000022888184,29255900.0,PLTR,Palantir Technologies Inc.,0.013647639352404,0.1538831677466938,24.148571286882675,,,,,,,,,,,
2024-03-26,24.76000022888184,25.46999931335449,24.46999931335449,24.88999938964844,43610500.0,PLTR,Palantir Technologies Inc.,0.0155038415837638,0.4906565855092477,24.348571232387,,,,,,,,,,,
2024-03-27,25.0,25.479999542236328,24.26000022888184,24.51000022888184,38600100.0,PLTR,Palantir Technologies Inc.,-0.0152671422292055,-0.1148897627864848,24.421428407941544,,,,,,,,,,,
2024-03-28,24.170000076293945,24.280000686645508,22.940000534057617,23.01000022888184,70008200.0,PLTR,Palantir Technologies Inc.,-0.061199509832417,0.8136792391729555,24.308571406773158,,,,,,,,,,,
2024-04-01,22.979999542236328,23.209999084472656,22.39999961853028,22.86000061035156,41000000.0,PLTR,Palantir Technologies Inc.,-0.0065188881807138,-0.4143543184941193,24.064285823277064,,,,,30.36398245014637,,,,,,0.9691411243226871
2024-04-02,22.0,22.790000915527344,21.71999931335449,22.71999931335449,39770600.0,PLTR,Palantir Technologies Inc.,-0.0061242910437051,-0.0299853658536585,23.81142861502511,,,,,29.397836011287517,,,,,,0.9873300431106243
2024-04-03,22.440000534057617,23.01000022888184,22.3799991607666,22.700000762939453,30357400.0,PLTR,Palantir Technologies Inc.,-0.0008802179145876,-0.2366874022519147,23.60000010899135,,,,,29.25464026103578,,,,,,0.9505778855758135
2024-04-04,23.81999969482422,24.100000381469727,22.39999961853028,22.479999542236328,64995300.0,PLTR,Palantir Technologies Inc.,-0.0096916834056809,1.1410035114996675,23.310000010899135,,,,,27.658557005404514,,,,,,1.0253095017046123
2024-04-05,22.420000076293945,23.31999969482422,22.30699920654297,22.959999084472656,38565800.0,PLTR,Palantir Technologies Inc.,0.0213522932389071,-0.40663709529766,23.034285681588308,,,,,35.87843395154458,,,,,,1.0241158299238977
2024-04-08,23.07999992370605,23.200000762939453,22.670000076293945,23.0,25022700.0,PLTR,Palantir Technologies Inc.,0.0017422002231,-0.3511686520181093,22.81857136317662,,,,,36.525710376442966,22.125731472957302,23.882499980926514,25.639268488895727,14.711763922304915,0.24882860862907152,0.977392440487781
2024-04-09,23.01000022888184,23.08699989318848,22.459999084472656,22.809999465942383,27724500.0,PLTR,Palantir Technologies Inc.,-0.0082608927851137,0.1079739596446427,22.78999982561384,,,,,34.732264235854196,22.07589893196727,23.755499935150148,25.435100938333026,14.140733790221216,0.2185342032375479,0.9450085818456538
2024-04-10,22.21999931335449,22.709999084472656,22.01000022888184,22.420000076293945,28642900.0,PLTR,Palantir Technologies Inc.,-0.017097737780781,0.033125935544374,22.727142606462753,,,,,31.33158392248187,21.92470896699863,23.64149990081787,25.35829083463711,14.523536501673892,0.1442491044012773,0.9318821116288523
2024-04-11,22.64999961853028,22.90999984741211,22.25,22.84000015258789,26399400.0,PLTR,Palantir Technologies Inc.,0.0187332772018158,-0.0783265660949136,22.744285583496094,,,,,38.334010167175194,21.902521373204475,23.533499908447265,25.164478443690054,13.860909270510636,0.28739764476540486,0.9077320058541406
2024-04-12,22.700000762939453,23.200000762939453,22.40999984741211,22.670000076293945,36348800.0,PLTR,Palantir Technologies Inc.,-0.0074430856023739,0.3768797775707024,22.739999771118164,,,,,36.70256543771421,21.82763130712173,23.445499897003174,25.063368486884617,13.801101251743754,0.26033287698413843,0.8974532900222116
2024-04-15,22.790000915527344,23.1299991607666,21.82999992370605,21.89999961853028,38182100.0,PLTR,Palantir Technologies Inc.,-0.0339656133732816,0.0504363280218329,22.657142639160156,,,,,30.39313494548781,21.613990773054635,23.36599988937378,25.118009005692922,14.996226351228477,0.08162310424403829,0.9320489429328545
2024-04-16,21.59000015258789,21.989999771118164,21.270000457763672,21.8799991607666,33869200.0,PLTR,Palantir Technologies Inc.,-0.0009132629274913,-0.1129560710385233,22.502856935773575,,-0.8483002075130095,,,30.247683015720582,21.419934546094986,23.25999984741211,25.100065148729236,15.82171378665636,0.12501312163821035,0.9140856588204869
2024-04-17,22.01000022888184,22.11000061035156,21.21999931335449,21.309999465942383,30139800.0,PLTR,Palantir Technologies Inc.,-0.0260511753513361,-0.1101118420275648,22.26142828805106,,-0.8960831185557616,,,26.373881143957238,21.129005464672183,23.1354998588562,25.141994253040217,17.34558930150746,0.045102045087896954,0.9120721564327867
2024-04-18,21.25,21.43000030517578,20.700000762939453,21.1299991607666,34550500.0,PLTR,Palantir Technologies Inc.,-0.0084467531528312,0.1463413824909256,22.02142824445452,,-0.9376670974943835,,,25.273133694220437,20.889727334679733,22.96349983215332,25.03727232962691,18.061467220862447,0.057931095715557955,0.8970335818618165
2024-04-19,20.979999542236328,21.43000030517578,20.32999992370605,20.46999931335449,39290300.0,PLTR,Palantir Technologies Inc.,-0.0312352046202432,0.1371847006555622,21.74285670689174,,-1.012211033521968,,,21.697319072100633,20.54520486064154,22.762499809265137,24.979794757888733,19.481998613536106,-0.016958850543031295,0.9136127879579129
2024-04-22,20.71999931335449,21.07999992370605,20.36000061035156,20.96999931335449,31894500.0,PLTR,Palantir Technologies Inc.,0.0244259900719099,-0.1882347551431269,21.4757137298584,23.201666514078777,-1.0191931938453251,,,29.800587596033957,20.35386588912646,22.601999759674072,24.850133630221684,19.893229753578503,0.13703219196594094,0.897958151998919
2024-04-23,21.25,22.059999465942383,21.229999542236328,21.63999938964844,36304600.0,PLTR,Palantir Technologies Inc.,0.0319504100253962,0.1382714888146858,21.328570774623326,23.100913796373597,-0.959601510589799,,,38.92192409097292,20.354044292663474,22.458499717712403,24.562955142761332,18.740837112901204,0.3055315597751538,0.9133407221107244
2024-04-24,22.049999237060547,22.25,21.299999237060547,21.59000015258789,34426500.0,PLTR,Palantir Technologies Inc.,-0.0023105008535475,-0.0517317364741658,21.284285136631556,23.003435496774518,-0.9059657832395587,,,38.51968805988448,20.480145721377653,22.293499755859376,24.1068537903411,16.26800685706712,0.306022544441369,0.9162519479250316
2024-04-25,20.81999969482422,21.739999771118164,20.65999984741211,21.709999084472656,26226700.0,PLTR,Palantir Technologies Inc.,0.0055580792513509,-0.2381827952304184,21.259999411446707,22.919987986303433,-0.8440465289744665,,,40.11914785458607,20.638451010442985,22.153499698638917,23.66854838683485,13.677736780243485,0.35363486413946,0.9291524243040808
2024-04-26,22.049999237060547,22.670000076293945,21.90999984741211,22.520000457763672,33119800.0,PLTR,Palantir Technologies Inc.,0.0373100602233715,0.2628275764774066,21.432856695992605,22.89418233930087,-0.7213000346982703,0.1836297995720122,-0.9049298342702825,49.64258559255021,20.654849968885127,22.128999710083008,23.60314945128089,13.323238831497555,0.6326190741528539,0.9315650098492393
2024-04-29,22.75,23.09000015258789,22.545000076293945,22.82999992370605,30104900.0,PLTR,Palantir Technologies Inc.,0.0137655177460491,-0.091030139070888,21.6757139478411,22.890041538294753,-0.5921818833844945,0.25019836070863044,-0.842380244093125,52.740401973766446,20.656270170974878,22.127499675750734,23.59872918052659,13.297747385242618,0.738745975959184,0.9034783291440031
2024-04-30,22.770000457763672,22.8700008392334,21.950000762939453,21.96999931335449,30511900.0,PLTR,Palantir Technologies Inc.,-0.0376697596682232,0.0135193938528279,21.889999662126815,22.83068397539538,-0.5528764644244326,0.2316030237349539,-0.7844794881593865,44.5522739990123,20.64305760212032,22.089999675750732,23.536941749381146,13.100426390850448,0.45853311456513257,0.9047537771937362
2024-05-01,21.93000030517578,22.82999992370605,21.6299991607666,22.1200008392334,34665900.0,PLTR,Palantir Technologies Inc.,0.0068275617008204,0.1361436029876868,22.05428559439523,22.784833450481706,-0.5038151003323357,0.22453151026164075,-0.7283466105939764,46.12344201321258,20.64112746207025,22.06099967956543,23.48087189706061,12.872238231437647,0.5207769258884624,0.9274155450637983
2024-05-02,22.600000381469727,22.71500015258789,22.100000381469727,22.549999237060547,30396100.0,PLTR,Palantir Technologies Inc.,0.0194393481696653,-0.1231700316449305,22.18428557259696,22.769682856067437,-0.4253333605436893,0.24241060004022974,-0.667743960583919,50.45729750813518,20.64017524518565,22.06449966430664,23.488824083427634,12.91055261429832,0.670431527479367,0.9035630374684605
2024-05-03,23.479999542236328,23.63999938964844,22.90999984741211,23.32999992370605,55976400.0,PLTR,Palantir Technologies Inc.,0.0345898320636564,0.8415652007987866,22.432856968470983,22.80583234430219,-0.2967754371530127,0.2967748187447251,-0.5935502558977378,57.18522204064196,20.6040658390185,22.08299970626831,23.56193357351812,13.394320399596909,0.9215875520372765,0.9177275606880017
2024-05-06,24.3700008392334,25.354999542236328,24.030000686645508,25.209999084472656,175936600.0,PLTR,Palantir Technologies Inc.,0.0805829047112984,2.143049570890589,22.932856968470983,22.960939875926094,-0.042699918114518454,0.4406802702265755,-0.483380188341094,68.34377532408234,20.21212348755505,22.193499660491945,24.17487583342884,17.85546401646665,1.2612132075630813,1.0014716179670748
2024-05-07,21.989999771118164,22.700000762939453,21.350000381469727,21.39999961853028,161061600.0,PLTR,Palantir Technologies Inc.,-0.1511304880724502,-0.0845475017705241,22.772856848580496,22.8602340528683,-0.14708287434910972,0.2690378511935875,-0.4161207255426972,43.56412644721198,20.13405909478095,22.122999668121338,24.111940241461724,17.980749475003584,0.31824493419207767,1.216760060346481
2024-05-08,21.57999992370605,21.729999542236328,21.059999465942383,21.559999465942383,67582900.0,PLTR,Palantir Technologies Inc.,0.0074766285170191,-0.5803909808421126,22.591428211757115,22.776347950485984,-0.21442471406300712,0.16135680918375206,-0.3757815232467592,44.47459975338514,20.08144000856556,22.07999963760376,24.078559266641957,18.102895487683913,0.3699062654658883,1.1757405214690104
2024-05-09,21.489999771118164,21.57999992370605,20.940000534057617,21.13999938964844,54101900.0,PLTR,Palantir Technologies Inc.,-0.0194805235017468,-0.1994735354653322,22.472856794084823,22.670777075593243,-0.2982461077989065,0.0620283323582822,-0.3602744401571887,42.53474042910049,19.988375443926575,21.994999599456786,24.001623754986998,18.246184969967167,0.28695556727651667,1.1356915996245156
2024-05-10,21.270000457763672,21.3700008392334,20.5,20.600000381469727,59845400.0,PLTR,Palantir Technologies Inc.,-0.0255439462521051,0.1061607817840037,22.255713871547155,22.53717857919818,-0.4035961678421529,-0.03465738214797137,-0.36893878569418154,40.11224254074728,19.822255562148932,21.891499614715578,23.960743667282223,18.90454367206246,0.1879296978904196,1.1158959222977891
2024-05-13,20.600000381469727,21.190000534057617,20.600000381469727,20.940000534057617,37524800.0,PLTR,Palantir Technologies Inc.,0.016504861470475,-0.3729710220000201,22.02571405683245,22.434134834350402,-0.4544134828508817,-0.06837975772536009,-0.3860337251255216,42.33899855681652,19.733141724798053,21.843499660491943,23.953857596185834,19.322525863480273,0.28593699411060963,1.076833521140465
2024-05-14,20.950000762939453,22.06999969482422,20.93000030517578,21.440000534057617,57894400.0,PLTR,Palantir Technologies Inc.,0.0238777453318008,0.542830341534132,21.75571414402553,22.36999713755732,-0.44916307742636974,-0.05050348184067849,-0.39865959558569125,45.54558711875253,19.70396094671738,21.821499729156493,23.939038511595605,19.40782080719954,0.4099191952792852,1.0815120150534598
2024-05-15,21.729999542236328,21.809999465942383,21.184999465942383,21.670000076293945,39424000.0,PLTR,Palantir Technologies Inc.,0.010727590322163,-0.3190360380278576,21.25,22.32483603683065,-0.42158330254300225,-0.018338965565848797,-0.40324433697715345,47.005521485068506,19.733570412367033,21.839499759674073,23.945429106981113,19.285509013311465,0.45975655983025365,1.0477885999206176
2024-05-16,21.739999771118164,21.8700008392334,21.53499984741211,21.64999961853028,27416700.0,PLTR,Palantir Technologies Inc.,-0.0009229560541416,-0.3045682832792208,21.28571428571429,22.281298203391916,-0.39676632680022195,0.005182408141545247,-0.4019487349417672,46.88779945296814,19.782535968230142,21.865499782562257,23.94846359689437,19.05251501265275,0.44827078546703547,0.9952619573280338
2024-05-17,21.780000686645508,22.16900062561035,21.559999465942383,21.76000022888184,30032300.0,PLTR,Palantir Technologies Inc.,0.0050808596900577,0.0954017077182884,21.314285823277068,22.24766607600417,-0.36402629624093663,0.03033795096066444,-0.39436424720160107,47.66413262538302,19.946356980583538,21.929999828338623,23.91364267609371,18.090678187710342,0.4571496452475872,0.9668619591155508
2024-05-20,21.770000457763672,21.770000457763672,21.21999931335449,21.6200008392334,35255300.0,PLTR,Palantir Technologies Inc.,-0.0064337954124936,0.1739127539349301,21.38285745893206,22.207171544599607,-0.345394869806146,0.0391755019163641,-0.3845703717225101,46.72798015463508,20.022006770269876,21.96249990463257,23.902993038995263,17.670967720331177,0.41174947766263137,0.9362762154701998
2024-05-21,21.34000015258789,21.450000762939453,21.1200008392334,21.239999771118164,27954000.0,PLTR,Palantir Technologies Inc.,-0.0175763669456318,-0.207097939884216,21.474285943167555,22.144773365665323,-0.3571749500296093,0.021916337354320636,-0.37909128738392994,44.19091706934483,19.980991937560404,21.942499923706055,23.904007909851707,17.878619054034893,0.32092855151502625,0.9043280090447623
2024-05-22,21.229999542236328,21.420000076293945,21.07999992370605,21.170000076293945,25212500.0,PLTR,Palantir Technologies Inc.,-0.0032956542174451,-0.0980718322959147,21.507143020629886,22.081884766351042,-0.3679180090507259,0.008938622666563256,-0.37685663171728917,43.72001502839208,19.936493732446348,21.921499919891357,23.906506107336366,18.11013110142006,0.31070591911738554,0.8630769516364675
2024-05-23,21.38999938964844,21.520000457763672,20.6299991607666,20.71999931335449,36887600.0,PLTR,Palantir Technologies Inc.,-0.0212565310022537,0.4630679226574119,21.404285703386584,21.994021188738362,-0.40803963456898273,-0.024946402281354862,-0.38309323228762787,40.716242522664956,19.82011718869347,21.87199993133545,23.923882673977428,18.762644011371815,0.2192820539789574,0.8650417793222375
2024-05-24,20.71999931335449,21.14999961853028,20.64999961853028,21.01000022888184,22073800.0,PLTR,Palantir Technologies Inc.,0.0139961836456452,-0.4015929472234572,21.310000010899138,21.930535965521813,-0.4116899560632241,-0.02287737902047693,-0.3888125770427472,43.41437728310003,19.734450079660643,21.796499919891357,23.85854976012207,18.920926275405336,0.30929178440189414,0.8384436910763994
2024-05-28,21.059999465942383,21.21999931335449,20.729999542236328,21.049999237060547,26274200.0,PLTR,Palantir Technologies Inc.,0.0019038080791509,0.1902889398291187,21.224285670689174,21.87372714433076,-0.4066674670537047,-0.014283912008765998,-0.3923835550449387,43.79434132060795,19.678166566099875,21.70749988555908,23.736833205018286,18.69707087557531,0.33800082465660436,0.8130913444279007
2024-05-29,20.770000457763672,20.989999771118164,20.63999938964844,20.940000534057617,24834200.0,PLTR,Palantir Technologies Inc.,-0.0052255917809852,-0.0548066163765214,21.107142857142858,21.813486717861526,-0.4068729067638195,-0.011591481375104573,-0.3952814253887149,42.9404048654637,19.603778075644065,21.65599994659424,23.708221817544413,18.952917214731702,0.3255550672488653,0.7838018684272231
2024-05-30,21.280000686645508,21.959999084472656,21.020000457763672,21.729999542236328,47583100.0,PLTR,Palantir Technologies Inc.,0.037726790259333,0.9160311183770768,21.122856957571848,21.80810044846635,-0.33937727161915276,0.04472332301564974,-0.3841005946348025,50.417899974399965,19.59490016097474,21.636499881744385,23.67809960251403,18.871811355146484,0.5228986268808598,0.8009432716685264
2024-05-31,21.790000915527344,22.200000762939453,21.309999465942383,21.68000030517578,44416100.0,PLTR,Palantir Technologies Inc.,-0.0023009313444007,-0.0665572440635435,21.185714176722936,21.799835923092765,-0.2866170718654075,0.07798681821551601,-0.36460389008092353,49.971553796658576,19.594489819747416,21.592999935150146,23.591510050552877,18.510722191495564,0.5217663071492893,0.8073990570869919
2024-06-03,21.700000762939453,21.790000915527344,21.0049991607666,21.31999969482422,33876100.0,PLTR,Palantir Technologies Inc.,-0.0166051939706669,-0.2373013389289019,21.207142693655832,21.76887874707544,-0.27073243901669386,0.07509716085138374,-0.3458295998680776,46.761584839028764,19.658075298282338,21.492499923706056,23.326924549129775,17.07036996101475,0.4529824702276898,0.805777205314965
2024-06-04,21.049999237060547,22.26000022888184,21.040000915527344,22.100000381469727,41974000.0,PLTR,Palantir Technologies Inc.,0.0365853985839814,0.2390446361889355,21.40428570338658,21.7902414331654,-0.19297966689265422,0.12227994638033873,-0.31525961327299296,53.70104378183712,20.576576326239497,21.33699998855591,22.097423650872322,7.1277467565662045,1.001694273025089,0.8357427019126837
2024-06-05,22.479999542236328,22.979999542236328,22.21999931335449,22.959999084472656,39825400.0,PLTR,Palantir Technologies Inc.,0.0389139677899741,-0.0511888311812074,21.682856968470983,21.865709668733608,-0.061259169212419806,0.20320035524845853,-0.26445952446087834,59.90635449959649,20.37579854477007,21.414999961853027,22.454201378935984,9.705359971366867,1.243358841328589,0.8389413651345154
2024-06-06,22.979999542236328,23.950000762939453,22.979999542236328,23.790000915527344,60400400.0,PLTR,Palantir Technologies Inc.,0.036149906975214,0.516630090344353,22.074285779680526,21.9898574911074,0.10884973337574166,0.298647406269296,-0.18979767289355434,64.80859760242312,20.05880406603051,21.526500034332276,22.99419600263404,13.636178347255335,1.2711068675258776,0.8498501034008737
2024-06-07,23.239999771118164,23.56999969482422,23.059999465942383,23.309999465942383,37149900.0,PLTR,Palantir Technologies Inc.,-0.0201766049227711,-0.384939503711896,22.412857055664062,22.075027941096756,0.20259477237819823,0.3139139562174021,-0.11131918383920385,60.222667136300196,19.987778150573657,21.635000038146973,23.28222192572029,15.227380491508425,1.0084316328090488,0.841202094461949
2024-06-10,22.75,23.15999984741211,22.65999984741211,23.1299991607666,31509300.0,PLTR,Palantir Technologies Inc.,-0.0077220209909817,-0.1518335177214475,22.612857001168386,22.1430906004303,0.2593739692193431,0.29655452244683755,-0.03718055322749447,58.54952216463556,20.063827857375372,21.761499977111818,23.459172096848263,15.602528516159392,0.9030516752160705,0.8274154073474131
2024-06-11,23.059999465942383,23.950000762939453,22.88999938964844,23.850000381469727,30601900.0,PLTR,Palantir Technologies Inc.,0.031128458574456,-0.0287978469848584,22.92285701206752,22.25321381211026,0.3583392610544571,0.3164158514255613,0.041923409628895854,62.980037427402756,20.026892484303982,21.90699996948242,23.78710745466086,17.164445043114302,1.0167258859678703,0.8441747187290103
2024-06-12,24.200000762939453,24.32999992370605,23.56999969482422,23.770000457763672,38542700.0,PLTR,Palantir Technologies Inc.,-0.0033542944413623,0.2594871560262597,23.272857121058873,22.351071015055645,0.4254107720136311,0.3067898899077882,0.1186208821058429,62.184703901474364,19.991001102516975,22.023499965667725,24.055998828818474,18.457546405604898,0.9296436578046957,0.8381132122673237
2024-06-13,23.850000381469727,24.13999938964844,23.14999961853028,23.270000457763672,26035100.0,PLTR,Palantir Technologies Inc.,-0.0210349175587285,-0.3245128130618768,23.439999989100865,22.41035678555294,0.43322565071938257,0.2516838148908317,0.18154183582855085,57.31316802429799,20.00797812193384,22.103499984741212,24.199021847548586,18.960995898875588,0.7783317353367283,0.849044377558959
2024-06-14,23.14999961853028,23.71999931335449,22.84000015258789,23.56999969482422,26618300.0,PLTR,Palantir Technologies Inc.,0.0128921027571555,0.0224005285172708,23.527142933436803,22.48517245711883,0.45834293755385147,0.22144088138024048,0.236902056173611,59.36984300222993,20.02157904461005,22.199499988555907,24.377420932501764,19.621351337359847,0.8146348608469929,0.8512709668956769
2024-06-17,23.46999931335449,25.059999465942383,23.450000762939453,25.020000457763672,54101500.0,PLTR,Palantir Technologies Inc.,0.0615189130977316,1.0324926836048882,23.702857153756277,22.648709747483014,0.5884680187264095,0.2812527700422388,0.3072152486841707,67.51631837394234,19.874634208852008,22.3625,24.850365791147993,22.250336868847334,1.0340924070782378,0.9058191689194317
2024-06-18,25.14999961853028,26.02499961853028,24.82999992370605,25.81999969482422,54458600.0,PLTR,Palantir Technologies Inc.,0.0319743893854449,0.0066005563616535,24.06142861502511,22.853309098924385,0.7475292833567266,0.35225122773804474,0.3952780556186819,70.97420960727379,19.69262561946457,22.57249994277954,25.45237426609451,25.516662581595696,1.0638266444048403,0.9265999231125801
2024-06-20,26.440000534057617,26.56999969482422,25.155000686645508,25.559999465942383,66735000.0,PLTR,Palantir Technologies Inc.,-0.0100697223839996,0.2254262871245314,24.40857151576451,23.027934283893288,0.8428903210525114,0.3580898123470636,0.4848005087054478,68.42486314246861,19.700301183407912,22.788499927520753,25.876698671633594,27.103133193803142,0.9487242836467459,0.9616815248932121
2024-06-21,24.709999084472656,26.09000015258789,23.530000686645508,23.84000015258789,69981600.0,PLTR,Palantir Technologies Inc.,-0.0672926192993985,0.048649134636997,24.407142911638534,23.08032563026068,0.7707898746371384,0.2287914927453525,0.541998381891786,54.48280263232204,19.894970914288365,22.92199993133545,25.949028948382534,26.411561173673974,0.6516338654308582,1.0764423169106236
2024-06-24,23.440000534057617,24.386999130249023,23.299999237060547,24.15999984741211,36477400.0,PLTR,Palantir Technologies Inc.,0.013422805905036,-0.4787572733404209,24.46285711015974,23.149982031367227,0.7310440318801632,0.15123651999070176,0.5798075118894614,56.26812678431495,20.198946237047075,23.09399995803833,25.98905367902959,25.071912412328338,0.6841070999208925,1.0772000790213556
2024-06-25,24.15999984741211,24.6299991607666,23.920000076293945,24.559999465942383,29657200.0,PLTR,Palantir Technologies Inc.,0.0165562757059833,-0.1869705625949218,24.647142682756698,23.24095089811401,0.7234819419461438,0.11493954404534579,0.608542397900798,58.461377854251054,20.475693946866027,23.271499919891358,26.06730589291669,24.027724750441294,0.7304343646309519,1.0508536107200184
2024-06-26,24.46999931335449,24.65999984741211,24.02499961853028,24.100000381469727,24331400.0,PLTR,Palantir Technologies Inc.,-0.0187296048239147,-0.1795786520642541,24.722857066563197,23.296373445427285,0.6726173354935163,0.05125995007417461,0.6213573854193417,55.04259702718087,20.802211367174184,23.423999977111816,26.045788587049447,22.38549020235184,0.6289197004280966,1.0210259315088048
2024-06-27,24.100000381469727,25.39999961853028,24.049999237060547,25.21999931335449,37882900.0,PLTR,Palantir Technologies Inc.,0.0464729839899056,0.5569552101399837,24.7514283316476,23.42047834013227,0.7144456374203685,0.07447060160082142,0.6399750358195471,61.019723588547876,21.167845326535964,23.63799991607666,26.108154505617353,20.89986122608195,0.8202227512351747,1.044615068674023
2024-06-28,25.280000686645508,25.56999969482422,25.030000686645508,25.32999992370605,38886400.0,PLTR,Palantir Technologies Inc.,0.0043616420835235,0.0264895242972422,24.681428364345006,23.543673281008,0.7478502458820415,0.08630016804999552,0.661550077832046,61.5602709155501,21.40624883094977,23.817999935150148,26.229751039350525,20.25149979651449,0.813465180117998,1.008441538949994
2024-07-01,25.479999542236328,26.020000457763672,25.14200019836425,25.8799991607666,33167900.0,PLTR,Palantir Technologies Inc.,0.0217133532853197,-0.1470565544766293,24.727142606462753,23.694403982927913,0.8093740207570477,0.11825915434000134,0.6911148664170463,64.23109984454628,21.666580143431702,24.027999877929688,26.389419612427673,19.655566393331043,0.8921368267955613,0.9990932224220429
2024-07-02,25.84000015258789,26.43000030517578,25.75,25.82999992370605,32148200.0,PLTR,Palantir Technologies Inc.,-0.0019319644003832,-0.030743580389473,25.01142828805106,23.832184366203922,0.8443642297881091,0.12259949069685017,0.7217647390912589,63.79713663330391,22.119093654261274,24.253499889373778,26.387906124486282,17.600810149859274,0.8693064629398387,0.9762302838615496
2024-07-03,25.959999084472656,26.270000457763672,25.76000022888184,25.850000381469727,18433800.0,PLTR,Palantir Technologies Inc.,0.0007743111816782,-0.4265993119365936,25.252856935773575,23.96236604460817,0.8637513049498544,0.11358925268687636,0.750162052262978,63.90219957022046,22.441671073337996,24.440999889373778,26.44032870540956,16.360450268689952,0.8523683750253945,0.9428323892111108
2024-07-05,26.0,27.25,25.975000381469727,27.229999542236328,46703700.0,PLTR,Palantir Technologies Inc.,0.0533848797060692,1.5335904696806957,25.634285518101283,24.17318110897128,0.9791826922750531,0.18321651200965994,0.7959661802653931,70.30552818688003,22.43368523934395,24.65449991226196,26.87531458517997,18.01549153964777,1.0798546950769023,0.975574353883137
2024-07-08,27.93000030517578,27.98600006103516,26.84000015258789,27.700000762939453,59611200.0,PLTR,Palantir Technologies Inc.,0.017260419706365,0.2763699664052312,26.148571286882675,24.4007178608402,1.0959545866483182,0.23999072510634,0.8559638615419782,72.11949969125953,22.303496378892874,24.84999990463257,27.396503430372263,20.494998273742226,1.0595909900574418,0.9877777740921804
2024-07-09,27.93000030517578,28.3799991607666,27.229999542236328,27.38999938964844,53067100.0,PLTR,Palantir Technologies Inc.,-0.0111913850091214,-0.1097797058270928,26.45857129778181,24.59357473366654,1.1502235728417887,0.23540776903984828,0.9148158038019404,69.12027085982938,22.383004689408224,25.05399990081787,27.724995112227518,21.321906457918153,0.9372900930057678,0.99939170716872
2024-07-10,27.5,28.46999931335449,27.3700008392334,28.420000076293945,43231000.0,PLTR,Palantir Technologies Inc.,0.0376049912229927,-0.1853521296622577,26.89999989100865,24.840440884803794,1.2617993453144685,0.2775868332100224,0.984212512104446,73.12011351275385,22.423675256007975,25.318499946594237,28.2133246371805,22.86726857193342,1.035697401605275,1.0065932544092897
2024-07-11,28.489999771118164,28.59000015258789,26.89999961853028,27.63999938964844,61546100.0,PLTR,Palantir Technologies Inc.,-0.0274454850299641,0.4236566352848649,27.151428495134628,25.02105756253571,1.2726145043533705,0.2307215937991396,1.041892910554231,66.13398934658758,22.52757328279609,25.507999897003174,28.488426511210257,23.36856379364531,0.857666832406217,1.0555048652709096
2024-07-12,27.31999969482422,28.1299991607666,27.280000686645508,28.06999969482422,30760300.0,PLTR,Palantir Technologies Inc.,0.0155571749157426,-0.5002071617860433,27.47142846243722,25.217763506554324,1.300887208806948,0.2071954386021737,1.0936917702047744,67.95185111070334,22.655968223718684,25.722999858856202,28.79003149399372,23.84660927548515,0.8826174808697047,1.0407988103156838
2024-07-15,28.420000076293945,29.299999237060547,27.89999961853028,28.670000076293945,49186300.0,PLTR,Palantir Technologies Inc.,0.0213751474169185,0.5990188652256316,27.874285561697825,25.440488446537525,1.356076540917087,0.20990781656985003,1.146168724347237,70.34394202988624,22.88677963894431,25.992999839782716,29.09922004062112,23.900436425073824,0.9309096045072203,1.066499870866843
2024-07-16,28.18000030517578,28.84000015258789,27.46999931335449,28.670000076293945,59330700.0,PLTR,Palantir Technologies Inc.,0.0,0.206244421719056,28.079999923706055,25.64884403555407,1.383862182417431,0.19015476645615537,1.1937074159612757,70.34394202988625,23.141943837154546,26.2479998588562,29.354055880557855,23.666992063425024,0.8898835372761323,1.0882129189821128
2024-07-17,28.0,28.8700008392334,27.600000381469727,28.21999931335449,45203500.0,PLTR,Palantir Technologies Inc.,-0.0156958758891508,-0.2381094441831969,28.154285430908203,25.814725021218614,1.353963553701245,0.12820491019197533,1.2257586435092698,66.05535846568067,23.242349165971277,26.407999801635743,29.57365043730021,23.974936833106018,0.7861970129149153,1.101216877959949
2024-07-18,28.420000076293945,29.82999992370605,28.14999961853028,28.63999938964844,76485600.0,PLTR,Palantir Technologies Inc.,0.0148830647240729,0.6920282721470683,28.33285685947963,25.997000786923763,1.3486131976456228,0.09828364330908235,1.2503295543365405,68.01533037214422,23.252177745175693,26.548999786376953,29.845821827578213,24.835753269265936,0.8171235173054098,1.1426151159737619
2024-07-19,28.309999465942383,29.600000381469727,28.270000457763672,28.57999992370605,49581600.0,PLTR,Palantir Technologies Inc.,-0.0020949534644221,-0.3517524867426025,28.355713980538503,26.163645892522624,1.3242662296904513,0.05914934028312846,1.2651168894073228,67.41646760643577,23.322545216157522,26.699999809265137,30.07745440237275,25.299285522358755,0.7783161198195585,1.1560167485143646
2024-07-22,28.93000030517578,28.96999931335449,27.690000534057617,28.459999084472656,38037800.0,PLTR,Palantir Technologies Inc.,-0.0041987697534546,-0.2328242735208222,28.472856794084823,26.31179771135811,1.2805269003315622,0.01232800873939155,1.2681988915921707,66.16174128556132,23.740802973573846,26.930999755859375,30.121196538144904,23.691632774170873,0.7396402844337822,1.1648830535302876
2024-07-23,28.34000015258789,29.190000534057617,28.309999465942383,28.809999465942383,31134300.0,PLTR,Palantir Technologies Inc.,0.0122979758513301,-0.1814905173275005,28.5785710471017,26.472972018105487,1.259585554195187,-0.006890669917587022,1.266476224112774,68.03064044648265,24.14165089398169,27.163499736785887,30.185348579590084,22.24933364320422,0.7724325098320581,1.1445120548341599
2024-07-24,28.440000534057617,28.684999465942383,26.57999992370605,26.600000381469727,49004100.0,PLTR,Palantir Technologies Inc.,-0.0767094455203026,0.5739586244110193,28.282856804983957,26.481167396387054,1.0525280420313123,-0.17115854566516941,1.2236865876964818,49.456475895972325,24.47304244823547,27.265499782562255,30.05795711688904,20.483448728951664,0.3808398264654293,1.2221257182700307
2024-07-25,26.040000915527344,27.288000106811523,25.420000076293945,26.6299991607666,45474600.0,PLTR,Palantir Technologies Inc.,0.0011277736416039,-0.0720245856979313,27.991428102765763,26.490769445701865,0.8807019389176993,-0.27438771902302594,1.1550896579407253,49.657402074898684,24.981501029928182,27.3919997215271,29.802498413126017,17.60001983137091,0.3419413038023571,1.2683031558830529
2024-07-26,27.0,27.34000015258789,26.770000457763672,27.18000030517578,27432200.0,PLTR,Palantir Technologies Inc.,0.0206534420481501,-0.396757750480488,27.842856815883092,26.535235952764697,0.7799185939933224,-0.3001368511579223,1.0800554451512447,53.32123027133481,25.2905545003267,27.489999771118164,29.68944504190963,16.00178456969119,0.4295278063839183,1.2283894694361361
2024-07-29,27.559999465942383,27.799999237060547,26.729999542236328,27.07999992370605,26038800.0,PLTR,Palantir Technologies Inc.,-0.0036791898582387,-0.0507943220011519,27.619999749319895,26.57038201540608,0.684092084274436,-0.316770688701447,1.000862772975883,52.57206564051261,25.600776571978116,27.577499771118163,29.55422297025821,14.335768039496191,0.37416046727519975,1.217066704886186
2024-07-30,27.25,27.440000534057617,25.88999938964844,26.3700008392334,31819900.0,PLTR,Palantir Technologies Inc.,-0.0262185777870374,0.2220186798162742,27.30428559439523,26.557454197588488,0.5445803097017148,-0.3650259706193346,0.9096062803210494,47.47221544096785,25.69928004927891,27.601999855041505,29.5047196608041,13.786825706508088,0.17625316873328803,1.2408657102717005
2024-07-31,27.020000457763672,27.38999938964844,26.8799991607666,26.88999938964844,29111600.0,PLTR,Palantir Technologies Inc.,0.0197193224825911,-0.0851134038761907,27.079999923706055,26.578908726108487,0.47055153524392423,-0.3512437960617002,0.8217953313056244,51.20558930607783,25.899295168728507,27.654999828338624,29.410704487948742,12.697195230578249,0.28213863177305,1.2250784130077006
2024-08-01,27.020000457763672,27.53499984741211,25.82999992370605,26.07999992370605,31189600.0,PLTR,Palantir Technologies Inc.,-0.0301227030244637,0.0713804806331497,26.689999989100865,26.546721061437363,0.342574030505304,-0.38337704064025635,0.7259510711455603,45.7507955797947,25.955801061322326,27.66649980545044,29.37719854957855,12.366571529883924,0.03630062359314621,1.2593808587679265
2024-08-02,24.75,24.8700008392334,23.75,24.739999771118164,56092600.0,PLTR,Palantir Technologies Inc.,-0.0513803740992292,0.7984392233308539,26.424285616193497,26.430158397545807,0.1315081780904812,-0.4755543144440634,0.6070624925345446,38.45293932255029,25.411445147614256,27.54199981689453,29.672554486174807,15.471314236037228,-0.15757525168854572,1.3358999193116492
2024-08-05,21.739999771118164,24.420000076293945,21.229999542236328,24.09000015258789,88023500.0,PLTR,Palantir Technologies Inc.,-0.026273226537742,0.569253341795531,26.06142861502511,26.279180446258202,-0.08720729611261291,-0.555415830917726,0.4682085348051131,35.495204249305495,24.75627241982926,27.361499786376953,29.966727152924648,19.043015820681102,-0.12787219184716989,1.4912800439479472
2024-08-06,27.049999237060547,27.420000076293945,25.56999969482422,26.59000015258789,99622700.0,PLTR,Palantir Technologies Inc.,0.1037775003804404,0.1317739012877243,25.977142878941127,26.29923333053754,-0.058141558851641406,-0.4210800749254036,0.3629385160737622,51.0807253602394,24.694773813854738,27.321499824523926,29.948225835193114,19.22827097735992,0.360758284464226,1.6226856917437882
2024-08-07,27.06999969482422,28.36000061035156,26.239999771118164,26.31999969482422,75975400.0,PLTR,Palantir Technologies Inc.,-0.0101542104631162,-0.2373685916964707,25.868571417672293,26.30057309597539,-0.05624517376677218,-0.3353469518724275,0.27910177810565534,49.68448780401751,24.605973142028997,27.21649980545044,29.827026468871882,19.183412136623478,0.3282913323223372,1.6582254087406907
2024-08-08,27.040000915527344,29.375,26.690000534057617,29.280000686645508,96892900.0,PLTR,Palantir Technologies Inc.,0.1124620450661846,0.2753193796939535,26.284285681588308,26.492794230857335,0.18200700390958957,-0.07767581935685264,0.2596828232664422,61.96032450789282,24.541020910150614,27.298499870300294,30.055978830449973,20.202421182489296,0.8592957271807534,1.7580399173550207
2024-08-09,29.280000686645508,30.36000061035156,29.100000381469727,30.01000022888184,88131100.0,PLTR,Palantir Technologies Inc.,0.0249316777703929,-0.0904276783954242,26.73000008719308,26.71971074685892,0.4248312433055368,0.13211873603127566,0.2927125072742611,64.27523398170071,24.409288478162203,27.395499897003173,30.381711315844143,21.800744137307273,0.9377620947034998,1.7224507970850629
2024-08-12,30.21999931335449,31.200000762939453,29.270000457763672,29.3799991607666,67890300.0,PLTR,Palantir Technologies Inc.,-0.0209930377644222,-0.2296669393664665,27.2014285496303,26.89134225743361,0.5599802773609106,0.21381421606931955,0.34616606129159105,60.83450422572109,24.36910583359822,27.430999851226808,30.492893868855397,22.324334032553686,0.818266944956063,1.7372815108600914
2024-08-13,29.78899955749512,30.850000381469727,29.559999465942383,30.38999938964844,57294200.0,PLTR,Palantir Technologies Inc.,0.034377136069853,-0.1560767885839361,28.00857135227748,27.117062072415212,0.7400545499092743,0.3151107908941466,0.4249437590151277,64.14799115481219,24.23222854008652,27.516999816894533,30.801771093702545,23.874487034674985,0.9373210994991644,1.7181831871737683
2024-08-14,30.6200008392334,31.3700008392334,30.32999992370605,31.0,49885600.0,PLTR,Palantir Technologies Inc.,0.0200724127213816,-0.1293080276886665,28.99571418762207,27.36757419677552,0.9213657289434849,0.3971375759426857,0.5242281530007992,66.01791996331741,24.044925952860364,27.655999851226806,31.267073749593248,26.114216935145496,0.9630201766690423,1.6697253999687167
2024-08-15,31.309999465942383,31.4950008392334,30.82999992370605,31.21999931335449,43407600.0,PLTR,Palantir Technologies Inc.,0.007096752043693,-0.1298571130747149,29.657142639160156,27.616117752683845,1.0704685554180102,0.4369923219337688,0.6334762334842414,66.69264597009564,23.87091526499866,27.78499984741211,31.699084429825557,28.174083886331246,0.9387998513594126,1.597937084950938
2024-08-16,31.040000915527344,32.75,30.979999542236328,32.08000183105469,64870600.0,PLTR,Palantir Technologies Inc.,0.0275465258364797,0.4944525843400695,30.48000008719308,27.904110273869065,1.2436921267981518,0.4881727146511283,0.7555194121470235,69.26195757210928,23.62865357376107,27.95999994277954,32.29134631179801,30.982449054954355,0.9756029115732883,1.6102308688600306
2024-08-19,32.41999816894531,32.59000015258789,31.81399917602539,32.5,52353600.0,PLTR,Palantir Technologies Inc.,0.0130922115016445,-0.1929533563740739,30.939999989100865,28.20061928845816,1.3987395978887918,0.5145761485934146,0.8841634492953772,70.46039055092284,23.40073276543049,28.16199998855591,32.92326721168133,33.81341683872053,0.9555509918005102,1.5506270689178205
2024-08-20,32.5,32.720001220703125,31.6299991607666,32.31999969482422,40783000.0,PLTR,Palantir Technologies Inc.,-0.0055384709284855,-0.2210086794413374,31.26999991280692,28.466385766288226,1.489916485676396,0.484602429104815,1.005314056571581,69.21487962525859,23.246304050042095,28.3375,33.4286959499579,35.932569563002396,0.8911163245305018,1.517717104641722
2024-08-21,32.31999969482422,32.66999816894531,31.96999931335449,32.540000915527344,38147600.0,PLTR,Palantir Technologies Inc.,0.0068069685266227,-0.0646200622808522,31.721428734915598,28.7291996468843,1.561922218948684,0.4452865299016824,1.1166356890470017,69.91486819200007,23.29634847944003,28.63450002670288,33.97265157396573,37.28475469999334,0.865810229837613,1.4592951777606082
2024-08-22,32.54999923706055,33.125,31.850000381469727,31.920000076293945,43522200.0,PLTR,Palantir Technologies Inc.,-0.0190534979037922,0.1408895972485817,31.94000026157924,28.93505773910428,1.5510785274260357,0.3475542707032271,1.2035242567228086,65.40160785129342,23.46104841624446,28.899000072479247,34.336951728714034,37.63418556072044,0.7777700313270554,1.4461283880953546
2024-08-23,31.989999771118164,32.54999923706055,31.621999740600582,31.780000686645508,34121200.0,PLTR,Palantir Technologies Inc.,-0.0043859457805079,-0.2160047056444757,32.05142893110003,29.118602445397265,1.5137386066608194,0.24817147995040845,1.265567126710411,64.39081236201488,23.61277320642384,29.129000091552733,34.64522697668163,37.87446783474434,0.7402911129561733,1.4091118168068826
2024-08-26,31.43000030517578,31.739999771118164,30.790000915527344,30.850000381469727,35283600.0,PLTR,Palantir Technologies Inc.,-0.0292636968244807,0.0340667971818107,31.998571940830775,29.2303055380471,1.3930450420397378,0.10198233226346143,1.2910627097762764,57.980243934983974,23.8366864818025,29.317500114440918,34.79831374707934,37.389365472799895,0.6398059092816729,1.379169710408983
2024-08-27,30.549999237060547,31.1200008392334,30.3799991607666,30.84000015258789,23541300.0,PLTR,Palantir Technologies Inc.,-0.0003241565237659,-0.3327976737067646,31.821428843906947,29.334156803501347,1.2818116607074046,-0.007400839255097491,1.289212499962502,57.91347663631628,24.196324223252308,29.541000080108642,34.88567593696497,36.18479971810539,0.6215228114173518,1.333507017525711
2024-08-28,30.6200008392334,30.799999237060547,29.75,30.36000061035156,33961400.0,PLTR,Palantir Technologies Inc.,-0.015564187414443,0.4426306108838509,31.515714645385742,29.40034027491104,1.1417648980525996,-0.11795808152792198,1.2597229795805216,54.65984961458497,24.50165616000551,29.714500141143798,34.927344122282086,35.08619668092879,0.561914424404738,1.3161108988821388
2024-08-29,30.64999961853028,31.81999969482422,30.483999252319336,31.0,39733000.0,PLTR,Palantir Technologies Inc.,0.0210803483788544,0.1699458797340509,31.327143260410853,29.50354412814259,1.0700841675337216,-0.1517110496374401,1.2217952171711617,58.0444036175208,24.99861925405682,29.960500144958495,34.92238103586017,33.12281748899055,0.6047485699372166,1.3263901469159158
2024-08-30,31.049999237060547,31.5,30.700000762939453,31.479999542236328,42388000.0,PLTR,Palantir Technologies Inc.,0.0154838562011718,0.0668210303777716,31.17571449279785,29.631057380664767,1.040019921436265,-0.14542023658791736,1.1854401580241825,60.43017366923125,25.918340755350535,30.297500133514404,34.676659511678274,28.907727428770556,0.6350144293238457,1.2887856311207355
2024-09-03,31.350000381469727,31.589000701904297,30.165000915527344,30.51000022888184,34531600.0,PLTR,Palantir Technologies Inc.,-0.0308131933754653,-0.1853449089364914,30.97428594316755,29.68776337087232,0.927234371189904,-0.20656462946742282,1.1337990006573269,53.77534094654579,27.291746027835867,30.6185001373291,33.94525424682233,21.730353182371328,0.4836928271708385,1.2984450170452606
2024-09-04,30.0,30.850000381469727,29.309999465942383,30.59000015258789,33419500.0,PLTR,Palantir Technologies Inc.,0.0026220885973746,-0.032205284435126,30.804285866873606,29.745972195499135,0.8346846106806751,-0.23929151198132148,1.0739761226619966,54.2230878843957,28.050523813470072,30.818500137329103,33.586476461188134,17.963082638835512,0.45872436068697214,1.3157010534588396
2024-09-05,30.239999771118164,30.739999771118164,30.01000022888184,30.15999984741211,24012300.0,PLTR,Palantir Technologies Inc.,-0.0140568912399761,-0.281488352608507,30.70571436200823,29.772683656912875,0.7183600205733178,-0.2844928816709431,1.002852902244261,51.34426639899905,29.12538471139847,31.010500144958495,32.89561557851852,12.157916994231368,0.27441691834748166,1.2738606299343012
2024-09-06,30.600000381469727,31.040000915527344,29.5,30.32999992370605,50946800.0,PLTR,Palantir Technologies Inc.,0.005636607332693,1.1216959641517057,30.632857186453684,29.808639545093083,0.632597341867946,-0.29620444830105197,0.928801790168998,52.41979468539557,29.320494540378938,31.063000106811522,32.805505673244106,11.2191711067244,0.2896706337053099,1.292872591783741
2024-09-09,32.70000076293945,34.70000076293945,32.470001220703125,34.599998474121094,140582500.0,PLTR,Palantir Technologies Inc.,0.1407846541759334,1.759398038738449,31.238571166992188,30.117759475998117,0.898821938449629,-0.02398388137549534,0.9228058198251243,70.22386834914165,29.032864085649337,31.292500019073486,33.552135952497636,14.442028805923787,1.2318653430235493,1.5126883102300248
2024-09-10,34.810001373291016,35.20000076293945,33.709999084472656,34.7599983215332,91721000.0,PLTR,Palantir Technologies Inc.,0.0046242732505257,-0.3475645973005175,31.775713784354075,30.41725875635522,1.1099229983747136,0.1496937428396714,0.9602292555350422,70.66679228717183,29.01401344509042,31.561499977111815,34.10898650913321,16.14300038888402,1.127775319754767,1.5110676938372023
2024-09-11,34.0099983215332,34.869998931884766,33.619998931884766,34.849998474121094,68302300.0,PLTR,Palantir Technologies Inc.,0.0025891874837098,-0.2553253889512761,32.25714220319475,30.70324196395302,1.2698463709056504,0.24769369229648652,1.022152678609164,70.92875104806079,28.924581495404723,31.78449993133545,34.64441836726618,17.995679920143797,1.0359416031366666,1.4924184766450628
2024-09-12,34.86000061035156,35.400001525878906,34.53099822998047,34.90999984741211,54391800.0,PLTR,Palantir Technologies Inc.,0.0017217037566177,-0.2036607844830994,32.88571357727051,30.974645698369738,1.3854577111180042,0.2906440260070722,1.094813685110932,71.11396086111642,28.840427597937023,31.979999923706053,35.119572249475084,19.634598707060885,0.966624052527339,1.4478854398955954
2024-09-13,34.970001220703125,36.0099983215332,34.88999938964844,35.59000015258789,49727200.0,PLTR,Palantir Technologies Inc.,0.0194786682368373,-0.0857592504752554,33.59999929155622,31.272410501867682,1.5144927431944843,0.33574324646684195,1.1787494967276424,73.19797433444869,28.711833153317542,32.19849996566772,35.6851667780179,21.65732450932749,0.9863527789502399,1.4244633238289575
2024-09-16,35.779998779296875,36.91999816894531,35.560001373291016,36.310001373291016,74767300.0,PLTR,Palantir Technologies Inc.,0.0202304360105705,0.5035493653372802,34.47857093811035,31.59741636454016,1.655765384299734,0.38161271005767317,1.2741526742420608,75.23527377851157,28.49132709314445,32.40999994277954,36.328672792414636,24.181875079010084,0.997617634867713,1.4198582703591582
2024-09-17,37.0,37.04999923706055,35.869998931884766,36.45000076293945,64461800.0,PLTR,Palantir Technologies Inc.,0.003855670183241,-0.1378343206187732,35.35285677228655,31.910486325727213,1.7587479987638375,0.38767625961742125,1.3710717391464162,75.62328124914046,28.31067869472975,32.60749998092651,36.90432126712327,26.354803580220207,0.947132953185266,1.402724517061033
2024-09-18,35.900001525878906,37.11000061035156,35.87099838256836,36.380001068115234,66279800.0,PLTR,Palantir Technologies Inc.,-0.0019204305448298,0.0282027495353838,35.607142857142854,32.1988421155587,1.813805649839324,0.3541871285543261,1.459618521284998,74.99062440041331,28.2140167567172,32.81050004959106,37.406983342464926,28.018367814733455,0.8882860864585466,1.3910294077020517
2024-09-19,37.0,37.34999847412109,36.20000076293945,36.83000183105469,59882000.0,PLTR,Palantir Technologies Inc.,0.0123694543630414,-0.0965271470342397,35.902857644217356,32.497626613332635,1.8721693330550053,0.33004064941600575,1.5421286836389996,76.35981930772394,28.109691097852803,33.02500009536743,37.94030909288206,29.76720050459059,0.8870562092445473,1.3738119555362351
2024-09-20,36.0099983215332,37.290000915527344,35.709999084472656,37.20000076293945,450290500.0,PLTR,Palantir Technologies Inc.,0.0100461285226651,6.5196302728699775,36.23857225690569,32.801005590726625,1.9260761867440834,0.307158002484067,1.6189181842600164,77.45283470156528,28.080987113687428,33.28900012969971,38.49701314571199,31.28969326637003,0.8754791531064908,1.3885405206120958
2024-09-23,36.86000061035156,38.18999862670898,36.56999969482422,37.95000076293945,79460700.0,PLTR,Palantir Technologies Inc.,0.0201612899090901,-0.8235345848957506,36.67285810198103,33.13319882764358,2.0061903748281864,0.309817752454536,1.6963726223736504,79.51989498468728,28.062856506114052,33.5975001335144,39.13214376091475,32.9467585707628,0.893205138617881,1.4050740114665854
2024-09-24,37.970001220703125,37.97999954223633,36.43000030517578,36.900001525878906,79519200.0,PLTR,Palantir Technologies Inc.,-0.0276679635296854,0.0007362129958583,36.86000115530832,33.37621835656199,1.9623347098313744,0.21276966996617896,1.7495650398651954,69.8633258599046,28.337823723229857,33.900000190734865,39.46217665823987,32.81520021362827,0.7696787267241934,1.4154262477221526
2024-09-25,36.88999938964844,37.18000030517578,36.382999420166016,37.119998931884766,46511700.0,PLTR,Palantir Technologies Inc.,0.0059619890761133,-0.4150884314731536,36.975715092250276,33.617752587227976,1.9231617202436695,0.1388773443027791,1.7842843759408904,70.66706629282962,28.669238499034577,34.214000129699706,39.758761760364834,32.41223832142304,0.7620490289531587,1.3712512861571082
2024-09-26,37.2599983215332,37.43999862670898,36.59999847412109,37.09999847412109,48602000.0,PLTR,Palantir Technologies Inc.,-0.0005388054509478,0.0449413803408604,37.06857190813337,33.84241361218883,1.868958780542883,0.06773952368159386,1.801219256861289,70.48302634710195,29.167205760601277,34.55100002288818,39.93479428517509,31.16433248658754,0.7367288130871249,1.33330340351937
2024-09-27,36.90999984741211,37.470001220703125,36.59000015258789,36.84000015258789,43219100.0,PLTR,Palantir Technologies Inc.,-0.0070080412999088,-0.1107547014526151,37.134286063058035,34.03580629221458,1.7844528074864243,-0.013413159499891858,1.7978659669863162,68.00364947142049,29.63049883367803,34.84300003051758,40.055501227357134,29.91993337126041,0.6915587207232808,1.3009235773397752
2024-09-30,36.58000183105469,37.31999969482422,36.150001525878906,37.20000076293945,42110200.0,PLTR,Palantir Technologies Inc.,0.0097720034978412,-0.0256576374797253,37.18714305332729,34.23994787097102,1.7266267769148342,-0.05699135205718564,1.7836181289720199,69.59832695925496,30.06026054201019,35.12900009155273,40.197739641095275,28.857864080004898,0.7042914861914369,1.2915714706756258
2024-10-01,37.209999084472656,37.560001373291016,36.04999923706055,36.459999084472656,52858000.0,PLTR,Palantir Technologies Inc.,-0.0198925178303766,0.2552303242444824,37.08142852783203,34.38317698151952,1.602613350954961,-0.1448038224136472,1.7474171733686081,62.682661208413215,30.797744750798557,35.42650003433228,40.055255317866,26.131597979184704,0.6116389814143918,1.3071741130925554
2024-10-02,36.29999923706055,37.68000030517578,36.14500045776367,37.4900016784668,34988900.0,PLTR,Palantir Technologies Inc.,0.0282502089922649,-0.3380585720231563,37.01571437290737,34.583617284548374,1.569353883972198,-0.1424506315171281,1.7118045154893262,67.52033939036035,31.633561390669573,35.77150011062622,39.90943883058287,23.135393859132233,0.7076518871041398,1.323447817615181
2024-10-03,37.45000076293945,39.290000915527344,37.369998931884766,39.2400016784668,57196400.0,PLTR,Palantir Technologies Inc.,0.0466791123406418,0.634701290980854,37.35000010899135,34.88402918093021,1.6650126618749042,-0.037433482891537695,1.7024461447664418,73.7473994338221,32.703230181012366,36.22550020217896,39.74777022334555,19.446356856404304,0.9279202699072776,1.3660598939186621
2024-10-04,39.650001525878906,40.290000915527344,39.400001525878906,40.0099983215332,62532500.0,PLTR,Palantir Technologies Inc.,0.0196227474549,0.0932943332097824,37.762857164655415,35.21473686742073,1.7824087282042669,0.06397006675026007,1.7184386614540068,75.93372997954063,33.992431313855505,36.70950012207031,39.426568930285114,14.803082576334303,1.1073637497666868,1.3434836090440574
2024-10-07,39.900001525878906,40.150001525878906,38.775001525878906,38.88999938964844,44124800.0,PLTR,Palantir Technologies Inc.,-0.0279929762276942,-0.2943701275336825,38.01857158115932,35.4518505785322,1.7647287089307184,0.037032037981369115,1.7276966709493493,67.17101184617879,34.22968433619977,36.92400016784668,39.61831599949359,14.593845842266647,0.8648420127123765,1.3457348283151203
2024-10-08,39.290000915527344,41.4900016784668,39.01499938964844,41.45000076293945,62542900.0,PLTR,Palantir Technologies Inc.,0.0658267270112744,0.4174092573790702,38.67714309692383,35.83882800978429,1.9349826072674645,0.16582874905449208,1.7691538582129724,74.43346383233637,34.10063202901862,37.258500289916995,40.41636855081537,16.951129199115762,1.1636598057181187,1.4353271530804173
2024-10-09,41.54999923706055,43.34000015258789,41.209999084472656,43.130001068115234,86404700.0,PLTR,Palantir Technologies Inc.,0.040530766568233,0.3815269199221653,39.52428599766323,36.30922627161209,2.1803384481747514,0.3289476719694231,1.8513907762053283,77.89018763120818,33.796771378266946,37.672500419616696,41.548229460966446,20.575905491697036,1.2040611702047577,1.4849476399765988
2024-10-10,42.91999816894531,43.87799835205078,42.40999984741211,43.52000045776367,62516300.0,PLTR,Palantir Technologies Inc.,0.0090424154878296,-0.2764710715967997,40.53285762241909,36.77443750942832,2.378832708479486,0.421953545819326,1.9568791626601598,78.61309069449317,33.676678731845044,38.103000450134275,42.529322168423505,23.233454930049383,1.1119076235745313,1.4837369665742224
2024-10-11,43.400001525878906,44.380001068115234,42.619998931884766,43.5099983215332,66206900.0,PLTR,Palantir Technologies Inc.,-0.0002298284955253,0.0590342038796281,41.392857142857146,37.2089898198867,2.5064410587228707,0.4396495168501686,2.066791541872702,78.54216372717507,33.64625357546924,38.49900035858154,43.35174714169384,25.2097287613371,1.0163053201529162,1.5034705089783478
2024-10-14,43.720001220703125,44.38999938964844,43.27999877929688,43.400001525878906,41010900.0,PLTR,Palantir Technologies Inc.,-0.0025280808985888,-0.3805645635122623,41.987142835344585,37.608409929950724,2.5690810068816177,0.4018315720071324,2.1672494348744853,77.71178662445938,33.667742032445354,38.85350036621094,44.03925869997652,26.693905490561125,0.9383641568933829,1.4753650983048008
2024-10-15,43.47499847412109,43.68000030517578,41.51499938964844,42.43000030517578,48297000.0,PLTR,Palantir Technologies Inc.,-0.0223502577557451,0.1776625238656064,42.33285740443638,37.91948027673944,2.5115015981535294,0.27540173062323525,2.236099867530294,70.62116498424439,33.86691675727802,39.15250034332276,44.438083929367494,26.999979769854797,0.8100414465591316,1.524625479694189
2024-10-16,42.400001525878906,42.4900016784668,40.36000061035156,41.93000030517578,59157900.0,PLTR,Palantir Technologies Inc.,-0.0117841149282058,0.2248773215727684,42.76714324951172,38.1782235043805,2.3978823850685203,0.12942601403058074,2.2684563710379395,67.21663926341915,34.173107716282104,39.43000030517578,44.68689289406946,26.66443088109046,0.7377830588817613,1.5678671475622086
2024-10-17,42.150001525878906,42.70000076293945,41.61000061035156,42.0,34028400.0,PLTR,Palantir Technologies Inc.,0.001669441791432,-0.4247868839157577,42.8457145690918,38.42478972990434,2.287122209331841,0.014932670635120715,2.27218953869672,67.45319902614592,34.46005760098119,39.688500213623044,44.9169428262649,26.347393247413255,0.7210505075438696,1.533733384402737
2024-10-18,42.01499938964844,42.9900016784668,41.650001525878906,42.970001220703125,33969000.0,PLTR,Palantir Technologies Inc.,0.0230952671595983,-0.0017456007335049,42.82285744803293,38.718029180923615,2.2516592378639615,-0.01642424066620718,2.2680834785301687,70.61723151396846,34.69317520443965,39.97700023651123,45.26082526858281,26.4343247407835,0.7832229460689063,1.5198951434342034
2024-10-21,42.86000061035156,43.400001525878906,42.40999984741211,42.70000076293945,30719800.0,PLTR,Palantir Technologies Inc.,-0.0062834640468565,-0.095651917925167,42.705714634486604,38.97493057331173,2.176676426118938,-0.07312564192898474,2.2498020680479227,68.61762201028468,34.88961686034609,40.21450023651123,45.53938361267637,26.482404828349022,0.7333854425388586,1.4820452216792688
2024-10-22,42.68999862670898,43.4900016784668,42.29999923706055,42.93999862670898,27830700.0,PLTR,Palantir Technologies Inc.,0.0056205587700557,-0.0940468362424234,42.62428610665457,39.2307414154664,2.1122689083160537,-0.11002652778549527,2.222295436101549,69.44581726051163,35.293660320468724,40.516500091552736,45.73933986263675,25.78129778871457,0.7320096577128231,1.4611848242445762
2024-10-23,42.84999847412109,43.68000030517578,42.05500030517578,42.59000015258789,35647000.0,PLTR,Palantir Technologies Inc.,-0.0081508729695995,0.2808517213005781,42.50857162475586,39.44746778560327,2.0098156310953996,-0.1699838440049195,2.179799475100319,66.6820633229906,35.73713140147539,40.79000015258789,45.8428689037004,24.775036686494985,0.678116639147186,1.4728860117972675
2024-10-24,42.88999938964844,43.72999954223633,42.65999984741211,43.560001373291016,34079600.0,PLTR,Palantir Technologies Inc.,0.0227753279461819,-0.0439700395545207,42.67000034877232,39.71279253319604,1.9840211023763814,-0.1566226981791501,2.1406438005555315,70.21940830399794,36.22162777886432,41.113000297546385,46.004372816228454,23.79477286153686,0.7501344015814144,1.449108200499192
2024-10-25,43.84999847412109,45.06999969482422,43.64500045776367,44.86000061035156,50416500.0,PLTR,Palantir Technologies Inc.,0.0298438750247065,0.4793747579196938,43.08857182094029,40.04487047365769,2.044905429528697,-0.07659069682146757,2.1214961263501646,74.1764510804975,36.77705855763421,41.51400032043457,46.250942083234925,22.82093619616164,0.8531814889717924,1.4534575280526014
2024-10-28,45.04999923706055,45.13999938964844,44.68000030517578,44.970001220703125,36729700.0,PLTR,Palantir Technologies Inc.,0.0024520866886965,-0.271474616445013,43.51285770961216,40.362620844434815,2.078078037331025,-0.034734471215311924,2.112812508546337,74.48538326309681,37.374635702993565,41.90250034332276,46.43036498365195,21.611429405074706,0.8387359297425188,1.3824957077612454
2024-10-29,44.900001525878906,45.06999969482422,44.040000915527344,44.93000030517578,26154700.0,PLTR,Palantir Technologies Inc.,-0.0008895022112859,-0.2879141403278545,43.79285757882254,40.65729048706327,2.07719521499925,-0.02849383483766932,2.1056890498369194,74.13804878353686,38.364544080271635,42.32600040435791,46.28745672844419,18.718784133822403,0.8286669961479998,1.3573171900381378
2024-10-30,44.58000183105469,44.79999923706055,43.61000061035156,43.68999862670898,31309200.0,PLTR,Palantir Technologies Inc.,-0.027598523704527,0.1970773895322828,43.93428584507534,40.852949076717834,1.9539142919271555,-0.12141980632781113,2.0753340982549666,64.15139547084036,39.31885417708288,42.63600025177002,45.95314632645716,15.56030610328851,0.6588712633100376,1.354651638377691
2024-10-31,42.790000915527344,43.31999969482422,40.900001525878906,41.560001373291016,50973400.0,PLTR,Palantir Technologies Inc.,-0.0487525136271309,0.6280645944323073,43.73714338030134,40.898565353916105,1.6651455337840346,-0.32815085157674573,1.9932963853607804,51.35463779531726,39.77296892578378,42.75200023651123,45.73103154723868,13.936336518745087,0.2999351569538994,1.4571768960052085
2024-11-01,41.93000030517578,42.56999969482422,41.59000015258789,41.91999816894531,33722500.0,PLTR,Palantir Technologies Inc.,0.0086620977805274,-0.3384294553629933,43.64142881120954,40.96446424520831,1.4486438803761317,-0.435722003987719,1.8843658843638507,53.058956661240074,40.11384385986588,42.847500228881835,45.58115659789779,12.759933972406177,0.3303550383199043,1.4252354009637762
2024-11-04,41.08000183105469,42.040000915527344,41.03200149536133,41.40999984741211,75413300.0,PLTR,Palantir Technologies Inc.,-0.0121659910259971,1.2362903106234708,43.334285736083984,40.99320847760856,1.2218276888900732,-0.5300305563790222,1.7518582452690954,50.366751537291904,40.80779205082773,42.97350025177002,45.13920845271231,10.079272985695821,0.13903253363550142,1.3954326850982115
2024-11-05,47.86000061035156,51.57500076293945,46.86000061035156,51.130001068115234,208868200.0,PLTR,Palantir Technologies Inc.,0.234725941958934,1.7696467334011374,44.23000008719308,41.64719509635093,1.8055834460566302,0.04298016063002774,1.7626032854266025,75.68706522254948,39.383833745642804,43.457500267028806,47.53116678841481,18.747817966311754,1.4417193038270568,2.021833261579812
2024-11-06,53.43999862670898,55.68999862670898,51.61000061035156,55.52999877929688,114255900.0,PLTR,Palantir Technologies Inc.,0.0860551069678245,-0.4529760873124774,45.73857116699219,42.54285985008938,2.5933624641468356,0.6646073429761863,1.9287551211706493,80.52932606007931,37.43033892272645,44.07750015258789,50.72466138244933,30.161244203279388,1.3614578637915575,2.2031314761727288
2024-11-07,55.81999969482422,56.470001220703125,53.54999923706055,55.880001068115234,121591200.0,PLTR,Palantir Technologies Inc.,0.0063029406899399,0.0642006233376131,47.302856990269255,43.403320573832985,3.2089346698594596,1.024143638951048,2.1847910309084115,80.85594979197064,36.30177034142287,44.695500183105466,53.08923002478806,37.55961923368453,1.166241414482298,2.25433671300055
2024-11-08,55.56999969482422,58.47999954223633,55.29999923706055,58.38999938964844,84124000.0,PLTR,Palantir Technologies Inc.,0.0449176498488901,-0.3081407207100514,49.4028570992606,44.37020307807915,3.854879316282428,1.336070628299213,2.5188086879832152,83.05168743503138,35.16977116958232,45.43950023651123,55.70922930344014,45.20176944497752,1.1305180530439234,2.320455781513153
2024-11-11,60.132999420166016,62.08000183105469,58.68999862670898,60.2400016784668,108357800.0,PLTR,Palantir Technologies Inc.,0.0316835469799017,0.2880723693595168,52.07142857142857,45.39406105229771,4.464609585764201,1.5566407182247883,2.9079688675394126,84.46590461366682,34.21458114085397,46.281500244140624,58.348419347427274,52.14575603483968,1.0783788436322703,2.4182808733447794
2024-11-12,59.0099983215332,60.09000015258789,58.56999969482422,59.84999847412109,59061300.0,PLTR,Palantir Technologies Inc.,-0.0064741565982578,-0.454941868513388,54.632857186453684,46.32670217628632,4.860328377908793,1.5618876082955042,3.298440769613289,82.89553680213832,33.869804952793885,47.15250015258789,60.435195352381896,56.339303989440765,0.9779714557377676,2.3648322135915656
2024-11-13,61.52000045776367,63.38999938964844,59.84999847412109,60.70000076293945,85937400.0,PLTR,Palantir Technologies Inc.,0.0142022107015742,0.4550543249132681,57.38857160295759,47.254011762522005,5.18278256142743,1.5074734334513131,3.675309127976117,83.61071861534518,33.80258122077582,48.091000175476076,62.37941913017633,59.42242374899331,0.9412314836035647,2.4487730796184626
2024-11-14,61.04999923706055,61.16999816894531,58.52999877929688,59.18000030517578,59968200.0,PLTR,Palantir Technologies Inc.,-0.0250411933881179,-0.302187406181709,58.53857149396624,48.02343037817709,5.255100958591342,1.2638334644921798,3.991267494099162,77.37992157117102,34.17229670650075,48.95000019073486,63.72770367496897,60.37876783106202,0.8461295635466972,2.462432138701221
2024-11-15,61.0099983215332,66.0,60.90999984741211,65.7699966430664,155280400.0,PLTR,Palantir Technologies Inc.,0.1113551251082753,1.5893790375565715,60.0014283316476,49.16837013720221,5.777571194621679,1.4290429604180135,4.348528234203665,83.21881363923184,33.884676733039605,50.089999961853025,66.29532319066644,64.70482428091388,0.9837915436741802,2.773687745734486
2024-11-18,64.91999816894531,64.91999816894531,58.84999847412109,61.2599983215332,137877600.0,PLTR,Palantir Technologies Inc.,-0.0685722753797442,-0.1120733846641302,60.76999936785017,49.9484751813526,5.761300759085856,1.1302180199057519,4.631082739180104,69.91740766287302,34.48926362385767,51.01799983978272,67.54673605570777,64.79570452715515,0.8098240043265547,3.0698534665457453
2024-11-19,59.5099983215332,63.0099983215332,59.26499938964844,62.97999954223633,75557800.0,PLTR,Palantir Technologies Inc.,0.0280770693409981,-0.4519936523409168,61.42571367536272,50.78921868850639,5.820105492336545,0.951218202525153,4.868887289811392,71.7705769305154,35.145457782577296,52.01999988555908,68.89454198854087,64.87713241101414,0.8247495425295298,3.1180782470571335
2024-11-20,62.59000015258789,63.08000183105469,59.959999084472656,62.119998931884766,59182200.0,PLTR,Palantir Technologies Inc.,-0.0136551384027054,-0.216729444213569,61.69428471156529,51.52023676872435,5.731247550982552,0.689888208936928,5.041359342045624,69.4663307387,36.15746838514179,52.99649982452392,69.83553126390606,63.54771162298511,0.7709033218509034,3.1182157115852887
2024-11-21,62.040000915527344,63.400001525878906,60.89500045776367,61.36000061035156,56336700.0,PLTR,Palantir Technologies Inc.,-0.0122343582517854,-0.0480803349655808,61.909999302455354,52.15506024237772,5.535689496625842,0.3954641236641745,5.140225372961668,67.40672439234599,37.25626501464298,53.88649978637695,70.51673455811093,61.7231953742086,0.724696191201015,3.074414583849818
2024-11-22,61.59999847412109,64.44000244140625,61.369998931884766,64.3499984741211,61381700.0,PLTR,Palantir Technologies Inc.,0.0487287782599061,0.0895508611615518,62.43142754690988,52.9418304508773,5.557908064292356,0.33414615306455,5.223761911227806,71.04411270823717,38.17664977079106,54.86099967956543,71.5453495883398,60.8240827043804,0.7843682506791996,3.0748136736277303
2024-11-25,66.9000015258789,67.87999725341797,64.08000183105469,64.6500015258789,80640500.0,PLTR,Palantir Technologies Inc.,0.0046620521969158,0.3137547510088512,63.21285629272461,53.69719632668386,5.535909657740625,0.2497181972102549,5.28619146053037,71.38912320108504,39.28924392575452,55.84499969482422,72.40075546389392,59.29181076028945,0.7659196582104889,3.126612453348793
2024-11-26,64.56999969482422,65.8499984741211,63.88999938964844,65.73999786376953,46923600.0,PLTR,Palantir Technologies Inc.,0.0168599584248161,-0.4181137269734191,63.208570752825054,54.474151264560355,5.542538424202874,0.20507757093800283,5.337460853264871,72.66356877225186,40.590799682339274,56.88549957275391,73.18019946316855,57.289467483974455,0.7716987226080881,3.043282802442427
2024-11-27,66.23999786376953,67.55999755859375,64.23999786376953,66.05000305175781,53839900.0,PLTR,Palantir Technologies Inc.,0.0047156251606623,0.1473949142862014,63.892857142857146,55.220980412121484,5.509298829741269,0.13747038118111732,5.3718284485601515,73.03150741639604,42.43137976172696,58.003499794006345,73.57561982628573,53.69372568063037,0.7583624850396703,3.0630483221898377
2024-11-29,65.88999938964844,67.16000366210938,65.47000122070312,67.08000183105469,30104000.0,PLTR,Palantir Technologies Inc.,0.0155942275807277,-0.440860774258496,64.47857175554547,55.986078568181696,5.502637524967497,0.10464726112587641,5.397990263841621,74.27063244566186,45.19486038773735,59.27949981689453,73.3641392460517,47.519427365826346,0.7769152186463513,2.964973490015669
2024-12-02,67.44000244140625,67.87999725341797,65.95999908447266,66.38999938964844,46405000.0,PLTR,Palantir Technologies Inc.,-0.0102862615171667,0.5414895030560722,65.08857182094029,56.65729926634084,5.379667504249461,-0.01465820767372783,5.394325711923189,71.88770044385443,48.57695109412232,60.50299987792969,72.42904866173706,39.42299987725983,0.7468126543181611,2.8903323063236153
2024-12-03,66.41000366210938,71.37000274658203,66.1500015258789,70.95999908447266,100751400.0,PLTR,Palantir Technologies Inc.,0.0688356640584151,1.1711324210753151,66.46000017438617,57.580054093317095,5.586575098952082,0.15379950962311462,5.432775589328967,77.12302246831682,52.89975914902905,61.980499839782716,71.06124053053638,29.301927910317087,0.99442548523785,3.0567374137062533
2024-12-04,71.12999725341797,71.18000030517578,67.27999877929688,69.8499984741211,86284800.0,PLTR,Palantir Technologies Inc.,-0.015642624361229,-0.1435870866310542,67.24571446010044,58.37166340820768,5.596470458090458,0.13095589500919225,5.465514563081266,73.54068552188117,54.68275174841453,62.91649971008301,71.15024767175149,26.173572908884935,0.921041474448599,3.1169706267319954
2024-12-05,70.11000061035156,72.9800033569336,69.88999938964844,71.87000274658203,66585800.0,PLTR,Palantir Technologies Inc.,0.0289191741816476,-0.228302087969144,68.27714320591518,59.24252401068345,5.70158573318902,0.18885693608620358,5.512728797102817,75.74837034553026,55.35223435218493,63.733499908447264,72.11476546470959,26.300973799656262,0.9853982243800473,3.117901645915579
2024-12-06,72.94999694824219,76.81999969482422,72.27999877929688,76.33999633789062,93640900.0,PLTR,Palantir Technologies Inc.,0.0621955394529489,0.4063193653902184,69.7914287022182,60.34558674147101,6.075546355057931,0.4502540463640905,5.62529230869384,79.77070752599333,55.50940499856477,64.75649967193604,74.0035943453073,28.559587748621762,1.12633167903598,3.2487657125211595
2024-12-09,80.58000183105469,80.91000366210938,71.05000305175781,72.45999908447266,168134800.0,PLTR,Palantir Technologies Inc.,-0.0508252218960635,0.7955273817317006,70.70714242117745,61.127161731342085,5.989783000351437,0.2915925533260779,5.698190447025359,69.06309207972427,56.117011566398816,65.45999965667724,74.80298774695567,28.545640511091552,0.8746124558950825,3.720997166818201
2024-12-10,71.98999786376953,75.55999755859375,70.7300033569336,70.88999938964844,89672500.0,PLTR,Palantir Technologies Inc.,-0.0216671227527057,-0.4666630584507193,71.25142778669085,61.75702222542637,5.729087712599949,0.024717812459670974,5.704369900140278,65.24663590873583,56.68634536426829,65.99249954223633,75.29865372020437,28.203672364347835,0.7631323183429922,3.800211301508787
2024-12-11,72.9800033569336,73.0,68.06999969482422,72.51000213623047,89477700.0,PLTR,Palantir Technologies Inc.,0.0228523453312172,-0.0021723493824751,72.12571389334542,62.45076286483309,5.5887815072501965,-0.0924707143120651,5.681252221562262,67.25725679151036,57.35450987554418,66.6254997253418,75.89648957513941,27.83015478462906,0.8173610642566462,3.880910573546798
2024-12-12,72.30000305175781,75.37999725341797,71.9000015258789,73.19999694824219,73859700.0,PLTR,Palantir Technologies Inc.,0.009515857008463,-0.1745462835991538,72.44571358816964,63.14426183795626,5.470207496526967,-0.1688357800282354,5.639043276555203,68.10368211368916,57.97627455864137,67.25049953460693,76.52472451057248,27.581133345167387,0.8207544257904875,3.852273779888243
2024-12-13,73.48999786376953,76.0999984741211,72.44999694824219,76.06999969482422,76172800.0,PLTR,Palantir Technologies Inc.,0.0392076894294317,0.0313174843656283,73.33428519112724,63.9781804093671,5.5439151716531825,-0.07610248392161711,5.6200176555748,71.41385275302487,58.838182925817705,68.09499950408936,77.35181608236101,27.187948147986244,0.930763649862871,3.837825752869795
2024-12-16,75.05999755859375,77.81999969482422,71.16000366210938,75.75,126099600.0,PLTR,Palantir Technologies Inc.,-0.0042066477732086,0.6554413123844731,73.88857051304409,64.73765264102084,5.512957788513631,-0.08564789364893421,5.598605682162566,70.53489941900865,58.83022338653056,68.59399967193603,78.3577759573415,28.468310149874927,0.866456590098264,4.039409459268502
2024-12-17,73.27999877929688,75.31999969482422,71.69999694824219,74.38999938964844,75469400.0,PLTR,Palantir Technologies Inc.,-0.0179538034369842,-0.4015096003476617,73.60999952043805,65.3603846893194,5.317387621541343,-0.22497444849697867,5.542362070038322,66.77339944307717,59.78643265800962,69.2504997253418,78.71456679267398,27.332848441146655,0.771527009886005,4.0401661448470865
2024-12-18,74.30000305175781,77.5999984741211,70.2699966430664,71.51000213623047,109643400.0,PLTR,Palantir Technologies Inc.,-0.0387148444286548,0.4528192883473301,73.47428567068917,65.75713420202334,4.8738227511731225,-0.5348314550921591,5.408654206265282,59.53315001192708,60.62171456234513,69.6769998550415,78.73228514773787,25.992179087892143,0.6012117355743277,4.275154523718516
2024-12-19,73.98999786376953,76.58999633789062,73.37000274658203,74.20999908447266,99524300.0,PLTR,Palantir Technologies Inc.,0.0377569132650639,-0.0922910088523339,73.94857134137835,66.30248032347168,4.686142649164083,-0.5780092456809598,5.2641518948450425,63.526052407407605,61.7243698234864,70.2814998626709,78.8386299018554,24.351017140798124,0.7295453734962841,4.332643098397127
2024-12-20,72.63999938964844,80.66000366210938,71.5,80.55000305175781,281230800.0,PLTR,Palantir Technologies Inc.,0.0854332845371468,1.8257500931933208,75.0971429007394,67.22167533819983,4.991451801400103,-0.21816007475595178,5.209611876156055,70.80956400711823,62.59740615245521,71.24099998474121,79.88459381702721,24.26578468617042,1.0384914682273207,4.677454713456342
2024-12-23,80.6500015258789,82.0199966430664,77.41000366210938,80.69000244140625,93819500.0,PLTR,Palantir Technologies Inc.,0.0017380432569131,-0.6663967815758445,76.16714368547711,68.09059966743895,5.184939529518218,-0.01973787731026988,5.204677406828488,70.94752694992872,63.09132263998158,72.05800018310546,81.02467772622934,24.887389381716947,0.9813378320334638,4.672636016380338
2024-12-24,81.08999633789062,84.7969970703125,81.0,82.37999725341797,64983300.0,PLTR,Palantir Technologies Inc.,0.0209442900096443,-0.3073582783962822,77.06857190813336,69.01249628588921,5.412259249890695,0.16606547444976627,5.246193775440929,72.62924270872993,63.58550351899744,72.94449996948242,82.3034964199674,25.660595259136677,1.0040870211809196,4.632233045358919
2024-12-26,83.16000366210938,83.48999786376953,81.30000305175781,82.13999938964844,60377100.0,PLTR,Palantir Technologies Inc.,-0.0029133026434954,-0.0708828268185826,77.98142896379743,69.8594319700027,5.509535449085334,0.2106733389155231,5.298862110169811,71.99191921776001,64.20250831503782,73.76450004577637,83.32649177651493,25.925727754691284,0.937957884702393,4.457787398033093
2024-12-27,81.41999816894531,82.0,77.93000030517578,79.08000183105469,66975900.0,PLTR,Palantir Technologies Inc.,-0.0372534402402172,0.109293092911054,78.65142931256976,70.45430744490928,5.278859897351893,-0.016001770254334247,5.294861667606227,64.25045667762103,65.27914624570484,74.4159999847412,83.55285372377757,24.55615389408153,0.7552301908033705,4.440088227198614
2024-12-30,77.04000091552734,79.23999786376953,76.11000061035156,77.18000030517578,60850900.0,PLTR,Palantir Technologies Inc.,-0.0240263212175695,-0.0914508054389713,79.46142905099052,70.88822311331357,4.886406167891167,-0.3267643997720491,5.213170567663216,59.94046042205467,66.36374787704932,74.92099990844727,83.47825193984522,22.843400493465996,0.6319933308286275,4.34651027310427
2024-12-31,77.58000183105469,77.9800033569336,73.6500015258789,75.62999725341797,56267900.0,PLTR,Palantir Technologies Inc.,-0.020082962498432,-0.0753152377368289,79.66428593226841,71.19414402557837,4.399595667257316,-0.6508599203247201,5.050455587582036,56.60454330603751,67.77263002084813,75.38299980163575,82.99336958242337,20.19120969134604,0.5162276905654286,4.345331098351602
2025-01-02,76.19999694824219,76.52999877929688,72.41999816894531,75.19000244140625,72217200.0,PLTR,Palantir Technologies Inc.,-0.0058177287847492,0.2834529100961649,78.89857155936105,71.45194134272856,3.9329542852639605,-0.8940010418544606,4.826955327118421,55.65760994813522,68.25735737554746,75.59449996948243,82.9316425634174,19.411842387731863,0.4724349416072039,4.328521773537004
2025-01-03,75.38999938964844,79.9800033569336,75.19000244140625,79.88999938964844,62415000.0,PLTR,Palantir Technologies Inc.,0.0625082696586527,-0.1357322078396836,78.78428540910993,71.99633218446533,3.897460602533343,-0.7435957796680626,4.6410563822014055,62.813838186991454,69.03137094159109,76.09650001525878,83.16162908892647,18.568867351983336,0.7684663885708991,4.361484577119896
2025-01-06,78.69000244140625,80.05999755859375,74.61000061035156,75.91999816894531,105619500.0,PLTR,Palantir Technologies Inc.,-0.0496933439858997,0.6922134102379236,77.86142839704242,72.24947192539953,3.5085414021323658,-0.9060119840552314,4.414553386187597,54.77287020747329,69.50300104106388,76.29899978637695,83.09499853169002,17.814122765280295,0.4721158264123413,4.439235477694434
2025-01-07,75.19999694824219,75.38999938964844,69.75,69.98999786376953,91727300.0,PLTR,Palantir Technologies Inc.,-0.0781085412038565,-0.1315306359147695,76.12571389334542,72.10369940529438,2.6908007916944285,-1.379002075594535,4.0698028672889635,45.41992888082952,68.65055592286826,75.9814998626709,83.31244380247354,19.29665498325934,0.09135535286451306,4.5628614091982795
2025-01-08,68.12000274658203,69.52999877929688,66.51000213623047,68.2300033569336,91349500.0,PLTR,Palantir Technologies Inc.,-0.0251463717753162,-0.004118730192647,74.57571411132812,71.85378353120659,1.8790580075673233,-1.7525958877773125,3.631653895344636,43.06926029543459,67.82640161718862,75.77000007629394,83.71359853539926,20.96766121448275,0.025404213331197797,4.4855138459923065
2025-01-10,66.01000213623047,68.19999694824219,65.04000091552734,67.26000213623047,78148600.0,PLTR,Palantir Technologies Inc.,-0.0142166374465604,-0.1445098221665143,73.1585715157645,71.55741053798232,1.1442844125675578,-1.9898955862216625,3.1341799987892203,41.78569422848221,67.062650148876,75.58850021362305,84.1143502783701,22.55859036930716,0.011573742550932442,4.392977300967186
2025-01-13,64.29000091552734,65.68000030517578,63.400001525878906,64.9800033569336,69046300.0,PLTR,Palantir Technologies Inc.,-0.0338982858590889,-0.1164742554569115,71.63714381626674,71.13306168759209,0.37368657183959897,-2.2083947415596974,2.5820813133992964,38.85453414558835,65.58206146179127,75.21200027465821,84.84193908752515,25.607453006702265,-0.031259705620000536,4.3549075311913406
2025-01-14,67.18000030517578,68.2300033569336,65.19000244140625,65.91000366210938,56814900.0,PLTR,Palantir Technologies Inc.,0.0143120999866268,-0.1771477979268982,70.31142970493862,70.79609020207708,-0.16012865306817048,-2.1937679731739737,2.033639320105803,40.68233600730648,64.42156764311478,74.84750061035156,85.27343357758834,27.85913459291879,0.07138143049988728,4.275985552818755
2025-01-15,68.55000305175781,68.8499984741211,67.08000183105469,68.13999938964844,56025800.0,PLTR,Palantir Technologies Inc.,0.0338339493799946,-0.0138889622264581,68.63285827636719,70.62472950450105,-0.3986437296102565,-1.945826439772848,1.5471827101625915,44.933046535085424,63.644963258874036,74.45100059509278,85.25703793131152,29.028588601483452,0.20798725707287394,4.180557629446209
2025-01-16,69.08000183105469,71.43000030517578,68.36000061035156,69.23999786376953,62908700.0,PLTR,Palantir Technologies Inc.,0.0161432122684785,0.1228523287485408,67.67857251848493,70.53539197929257,-0.4932224015625053,-1.6323240893800774,1.1391016878175722,46.95241622553659,63.1055153868395,74.12550048828125,85.145485589723,29.73331722241507,0.27833442697338384,4.116946427353265
2025-01-17,70.9000015258789,72.33999633789062,69.94999694824219,71.7699966430664,54754000.0,PLTR,Palantir Technologies Inc.,0.0365395559987549,-0.1296275395930928,67.93285805838448,70.61504389308443,-0.3598784681160794,-1.1991841247469213,0.8393056566308419,51.36960064498865,62.928014222497616,73.99450035095215,85.0609864794067,29.911644989740477,0.39949367477333086,4.04430727909764
2025-01-21,73.23999786376953,73.63600158691406,70.60099792480469,73.06999969482422,56229000.0,PLTR,Palantir Technologies Inc.,0.0181134612312039,0.0269386711473134,68.62428610665458,70.77342813835797,-0.1476015991147932,-0.7895258045965081,0.6419242054817149,53.51166568590758,63.055278558955536,74.07250022888184,85.08972189880814,29.747130543409256,0.45450302426091044,3.9722141555446524
2025-01-22,74.5,77.16000366210938,73.80000305175781,76.87000274658203,66876400.0,PLTR,Palantir Technologies Inc.,0.0520049687645882,0.1893578046915291,69.9971433367048,71.16675553243694,0.32352840322432996,-0.25471664180590803,0.578245045030238,59.172745184829445,63.12083352435738,74.2055004119873,85.29016729961722,29.87559365838946,0.620188651657553,3.9806277143988944
2025-01-23,76.04000091552734,79.0,75.83999633789062,78.9800033569336,55937900.0,PLTR,Palantir Technologies Inc.,0.0274489467277323,-0.1635629310190142,71.9971433367048,71.67083603724318,0.8572795545639309,0.22322760762695426,0.6340519469369766,61.9439123570816,63.2020828557332,74.12700042724609,85.05191799875897,29.47621651637026,0.7221070730246006,3.9220117050177414
2025-01-24,79.05000305175781,82.23999786376953,78.44000244140625,78.9800033569336,77931900.0,PLTR,Palantir Technologies Inc.,0.0,0.3931860152061481,73.86428615025112,72.1423952191587,1.2656910884674488,0.5053113132243777,0.7603797752430711,61.94391235708161,63.29811593298113,74.04150047302247,84.7848850130638,29.019899573633737,0.729839249703154,3.9132962554771584
2025-01-27,74.06999969482422,76.72000122070312,72.66999816894531,75.44000244140625,76093300.0,PLTR,Palantir Technologies Inc.,-0.0448214834776474,-0.0235923928455484,74.90714372907367,72.35514407220693,1.2888545694783602,0.4227798353882313,0.8660747340901289,54.7174086768687,63.62356572443612,73.69450073242187,83.76543574040763,27.331578090344667,0.5866603601155346,4.084489764875128
2025-01-28,75.54000091552734,80.73999786376953,74.04000091552734,80.2300033569336,65916700.0,PLTR,Palantir Technologies Inc.,0.0634941776313926,-0.1337384500343656,76.47714451381138,72.86319950993123,1.6744231296916183,0.6466787164811914,1.027744413210427,61.29689916353903,63.818176809896315,73.59900093078613,83.37982505167595,26.578687202800175,0.8389797395489921,4.271311720952509
2025-01-29,79.94999694824219,80.81999969482422,77.80999755859375,79.76000213623047,49262200.0,PLTR,Palantir Technologies Inc.,-0.0058581727662673,-0.2526597963793697,77.61857386997768,73.30815451807958,1.919932039549721,0.7137501010714353,1.2061819384782857,60.37000472920458,63.77180378360171,73.63300094604492,83.49419810848812,26.7847216214074,0.8106621381387902,4.1812181727346545
2025-01-30,80.0199966430664,81.83000183105469,79.37999725341797,81.22000122070312,46067500.0,PLTR,Palantir Technologies Inc.,0.0183049027754409,-0.0648509404776888,78.7828598022461,73.81859624082949,2.2068699210825287,0.8005503860833945,1.4063195349991342,62.27819850655597,63.535667656823286,73.83500099182129,84.1343343268193,27.898241204435998,0.8585183617558515,4.057560050575937
2025-01-31,81.0,85.22000122070312,80.87000274658203,82.48999786376953,79000200.0,PLTR,Palantir Technologies Inc.,0.0156365011570904,0.7148792532696586,79.5857162475586,74.37804150682562,2.507839561376116,0.8812160211015854,1.6266235402745306,63.90623922696953,63.2261489909919,74.17800102233886,85.12985305368582,29.52857149129372,0.879479051471826,4.078448510690436
2025-02-03,80.125,84.25,78.47000122070312,83.73999786376953,126592700.0,PLTR,Palantir Technologies Inc.,0.0151533523138689,0.6024351837083957,80.26571546282086,74.9820386911446,2.8147777176018565,0.9505233418618606,1.8642543757399959,65.4851964597906,62.888267073676516,74.60550079345703,86.32273451323753,31.411179055601544,0.8897889761681572,4.199987822559776
2025-02-04,102.8000030517578,106.91000366210938,100.51000213623048,103.83000183105467,230806800.0,PLTR,Palantir Technologies Inc.,0.2399092963910518,0.8232236139998594,83.81571524483817,76.84319760339687,4.625800490182058,2.2092368915536498,2.4165635986284086,80.35772305854913,58.57486509479747,75.80250091552735,93.03013673625722,45.454003793167665,1.313445942530375,5.554989178688243
2025-02-05,101.77999877929688,103.56999969482422,99.31999969482422,101.36000061035156,90628300.0,PLTR,Palantir Technologies Inc.,-0.0237888970157404,-0.6073412915044097,87.51857212611607,78.42492682965202,5.794940166304968,2.702701254141248,3.0922389121637206,76.02049866730144,56.55734003177662,77.07450103759766,97.5916620434187,53.239815320536614,1.0918338206212772,5.480347243393831
2025-02-06,101.08999633789062,111.54499816894533,100.26000213623048,111.27999877929688,128217500.0,PLTR,Palantir Technologies Inc.,0.0978689631926879,0.4147622762426306,91.95428575788226,80.54460889091943,7.436232471145573,3.475194847185482,3.961037623960091,80.5589111199913,54.081658205682004,79.13900108337403,104.19634396106605,63.32489047036054,1.1413488822978362,5.894965033094059
2025-02-07,111.66000366210938,116.3000030517578,110.4499969482422,110.8499984741211,143795400.0,PLTR,Palantir Technologies Inc.,-0.0038641293124797,0.1214958956460701,96.39571380615234,82.49979531564213,8.603099836962272,3.7136497704017453,4.889450066560527,79.85340769888917,53.216088151759145,81.2700008392334,109.32391352670766,69.03879020001467,1.0271991462370027,5.891753680844414
2025-02-10,112.02999877929688,116.76000213623048,108.72000122070312,116.6500015258789,99938100.0,PLTR,Palantir Technologies Inc.,0.0523229872042974,-0.3049979345653616,101.45714242117745,84.70303442598,9.881949442947914,3.9939995011099088,5.887949941838005,82.12706754671419,52.534995145829356,83.73950080871582,114.94400647160228,74.52756551335597,1.027335716718398,6.045199917967255
2025-02-11,116.5,118.66000366210938,112.0999984741211,112.62000274658205,94311700.0,PLTR,Palantir Technologies Inc.,-0.0345477816252133,-0.0562988489875232,105.76142883300781,86.50412915634142,10.449800947375124,3.649480804429695,6.800320142945429,75.73173439025594,53.75703866688561,86.12150077819824,118.48596288951086,75.16000492064282,0.9093765235035618,6.081971724320372
2025-02-12,110.29000091552734,117.58999633789062,110.0,117.38999938964844,75316900.0,PLTR,Palantir Technologies Inc.,0.0423547906831422,-0.2014044917014538,110.56857190813336,88.49676594558704,11.156125351745033,3.484644167039683,7.67148118470535,77.92309058203473,55.00871701224366,88.6955005645752,122.38228411690673,75.96052412558562,0.9259014337254415,6.189687771823313
2025-02-13,117.30999755859376,118.38999938964844,115.1500015258789,117.91000366210938,60027000.0,PLTR,Palantir Technologies Inc.,0.0044297152667571,-0.203007558728519,112.58000074114118,90.39439418536269,11.62385990850757,3.161902979041775,8.461956929465794,78.15467338173784,56.597579087229526,91.18400077819824,125.77042246916696,75.86072424064596,0.8863655385155077,5.978995628856207
2025-02-14,117.9000015258789,120.66999816894533,116.8000030517578,119.16000366210938,65528900.0,PLTR,Palantir Technologies Inc.,0.0106013057516483,0.0916570876438935,115.12285831996373,92.25023995805603,11.957568066557911,2.796488909673693,9.161079156884218,78.73220824780313,58.58692496631306,93.68000106811523,128.7730771699174,74.92116930333039,0.8630346128689136,5.82835273073223
2025-02-18,120.94000244140624,125.0,118.43000030517578,124.62000274658205,84227200.0,PLTR,Palantir Technologies Inc.,0.0458207361251437,0.28534432899072,117.02857317243304,94.33861175086417,12.51830722770562,2.6857824566571207,9.832524771048499,81.08456525374281,60.28030609016437,96.32250137329102,132.36469665641766,74.83650189574641,0.8925607354241635,5.881327515329324
2025-02-19,123.86000061035156,125.41000366210938,108.55999755859376,112.05999755859376,147487300.0,PLTR,Palantir Technologies Inc.,-0.100786430036672,0.7510649766346262,117.20143018450055,95.48192696426608,11.81303627369175,1.5844092021145997,10.22862707157715,63.64527097693719,63.26863525879485,98.27200126647949,133.27536727416413,71.23771889567544,0.6969524343614163,6.664804577223757
2025-02-20,102.91000366210938,107.4000015258789,95.8000030517578,106.2699966430664,243093900.0,PLTR,Palantir Technologies Inc.,-0.0516687581801872,0.648236153214548,115.71857234409877,96.17793145967255,10.66397164952265,0.3482756623563983,10.315695987166253,57.50522634748022,66.01105799588333,99.74200096130372,133.4729439267241,67.63638715952122,0.5967656861602555,7.350175302631142
2025-02-21,107.68000030517578,109.06999969482422,100.0,101.3499984741211,129063200.0,PLTR,Palantir Technologies Inc.,-0.0462971518242379,-0.4690808778007181,114.10857173374721,96.5116132025402,9.249702113981172,-0.8527950985480643,10.102497212529236,52.840330957362035,68.50192582863497,100.86050071716309,133.21907560569122,64.16500941090762,0.5075636482546632,7.4730199047613315
2025-02-24,95.87999725341795,99.01000213623048,89.30000305175781,90.68000030517578,184485000.0,PLTR,Palantir Technologies Inc.,-0.105278720568208,0.4294159760489435,110.29285757882255,96.13538011238767,7.185078525775197,-2.3339349494032327,9.51901347517843,44.423779484765994,70.2896703828566,101.4455005645752,132.6013307462938,61.423779287059325,0.3272313689507089,7.7999467340893744
2025-02-25,90.6500015258789,91.6999969482422,85.25,87.83999633789062,132626300.0,PLTR,Palantir Technologies Inc.,-0.0313189673326793,-0.2810998184134211,105.9971422467913,95.60019406242012,5.259061682630659,-3.407961434038217,8.667023116668876,42.48408124977558,72.55426649407885,102.06550025939941,131.57673402472,57.8280294327031,0.25898154522049227,7.703521747566867
2025-02-26,89.16000366210938,91.69000244140624,87.58999633789062,89.30999755859375,94428700.0,PLTR,Palantir Technologies Inc.,0.016734987272182,-0.2880092410027272,101.73285566057477,95.19437493314099,3.8074068552358256,-3.8876930091464406,7.695099864382266,43.85069714104012,74.10698089357315,102.51949996948242,130.9320190453917,55.428516690711525,0.2675408087611475,7.44612776848268
2025-02-27,91.91000366210938,93.62000274658205,84.16999816894531,84.7699966430664,99680500.0,PLTR,Palantir Technologies Inc.,-0.0508341847456527,0.0556165657263099,96.03999764578683,94.52183439829747,2.264515884895985,-4.344467183589025,6.60898306848501,40.639070172982414,75.08552272429336,102.76999969482422,130.4544766653551,53.87657303248028,0.1749080166672794,7.589261828607755
2025-02-28,79.9800033569336,85.18000030517578,78.58000183105469,84.91999816894531,125977400.0,PLTR,Palantir Technologies Inc.,0.001769511995034,0.2638118789532557,92.16285487583706,93.90236109317799,1.0418576579488814,-4.453700328428903,5.495557986377785,40.793362174593135,75.80472533725757,102.95499954223632,130.10527374721508,52.742021904124464,0.16786704920306492,7.51860015936279
2025-03-03,88.55000305175781,90.4800033569336,82.52999877929688,83.41999816894531,114573900.0,PLTR,Palantir Technologies Inc.,-0.0176636838476585,-0.0905202044176177,88.89856937953404,93.22607961419524,-0.047596595732741775,-4.434523665688421,4.3869270699556795,39.6825949721693,75.98874817243949,103.00149955749512,130.01425094255077,52.4511808101924,0.13755077908533675,7.54941476110028
2025-03-04,80.16000366210938,88.5,79.30000305175781,84.4000015258789,116800300.0,PLTR,Palantir Technologies Inc.,0.0117478228056162,0.0194319997835457,86.47714124407086,92.65665522140064,-0.8224383033833789,-4.167492298671247,3.3450539952878677,40.816444917546086,76.11449904136116,103.03449974060058,129.95450043984002,52.25434348109257,0.1538912011386359,7.667313490288816
2025-03-05,86.3499984741211,90.3000030517578,82.5,90.12999725341795,116053000.0,PLTR,Palantir Technologies Inc.,0.0678909434116787,-0.0063981000048801,86.39856937953404,92.49364502991789,-0.9630418248058703,-3.4464766560749904,2.48343483126912,47.08030031679781,74.85425976797518,102.34949951171875,129.84473925546231,53.72813716709076,0.2777887668522459,7.676791316222653
2025-03-06,87.50499725341797,88.33999633789062,80.01000213623047,80.45999908447266,117340600.0,PLTR,Palantir Technologies Inc.,-0.1072894537182357,0.0110949307643921,85.34428405761719,91.71728077537304,-1.8336223086304813,-3.4536457119196813,1.6200234032891998,39.48522524000784,72.19686586442081,101.3044994354248,130.4121330064288,57.46562834468821,0.14194099977064584,7.8513058753942415
2025-03-07,80.0250015258789,85.16000366210938,79.1500015258789,84.91000366210938,105094600.0,PLTR,Palantir Technologies Inc.,0.0553070423598287,-0.1043628548004697,84.71571350097656,91.27810160677538,-2.139818934395194,-3.007873870147515,0.8680549357523211,43.965141303803094,70.41989837115199,99.98599967956542,129.55210098797886,59.14048247387977,0.2450459250579993,7.719784178368187
